test_sample,rank,gene,K
BC11,1,HES4,500
BC11,2,VWA1,500
BC11,3,SDHB,500
BC11,4,IGSF21,500
BC11,5,CAMK2N1,500
BC11,6,RPL11,500
BC11,7,STMN1,500
BC11,8,SH3BGRL3,500
BC11,9,WASF2,500
BC11,10,CITED4,500
BC11,11,PPCS,500
BC11,12,TSPAN1,500
BC11,13,UQCRH,500
BC11,14,CYP4B1,500
BC11,15,PDZK1IP1,500
BC11,16,DIO1,500
BC11,17,FOXD3-AS1,500
BC11,18,PTGER3,500
BC11,19,ST6GALNAC5,500
BC11,20,EPHX4,500
BC11,21,CNN3,500
BC11,22,VAV3,500
BC11,23,GSTM3,500
BC11,24,AHCYL1,500
BC11,25,ATP5PB,500
BC11,26,OLFML3,500
BC11,27,TXNIP,500
BC11,28,PDE4DIP,500
BC11,29,H2BC21,500
BC11,30,CA14,500
BC11,31,ANXA9,500
BC11,32,MLLT11,500
BC11,33,CELF3,500
BC11,34,S100A10,500
BC11,35,S100A11,500
BC11,36,S100A16,500
BC11,37,S100A14,500
BC11,38,C1orf43,500
BC11,39,NAXE,500
BC11,40,HAPLN2,500
BC11,41,MRPL24,500
BC11,42,IGSF9,500
BC11,43,NDUFS2,500
BC11,44,MPC2,500
BC11,45,DCAF6,500
BC11,46,RGS16,500
BC11,47,C1orf21,500
BC11,48,NFASC,500
BC11,49,LAMB3,500
BC11,50,ESRRG,500
BC11,51,EPHX1,500
BC11,52,YWHAQ,500
BC11,53,LRATD1,500
BC11,54,SIX2,500
BC11,55,MDH1,500
BC11,56,CAPG,500
BC11,57,VAMP8,500
BC11,58,CYTOR,500
BC11,59,COX5B,500
BC11,60,FHL2,500
BC11,61,DBI,500
BC11,62,MZT2B,500
BC11,63,CCDC115,500
BC11,64,LRP1B,500
BC11,65,KCNJ3,500
BC11,66,MYO3B,500
BC11,67,ATP5MC3,500
BC11,68,UBE2E3,500
BC11,69,HSPD1,500
BC11,70,HSPE1,500
BC11,71,IDH1,500
BC11,72,SGPP2,500
BC11,73,DOCK10,500
BC11,74,NDUFA10,500
BC11,75,COPS9,500
BC11,76,TIMP4,500
BC11,77,ZNF385D,500
BC11,78,CMTM6,500
BC11,79,P4HTM,500
BC11,80,NDUFAF3,500
BC11,81,GPX1,500
BC11,82,TCTA,500
BC11,83,TEX264,500
BC11,84,ABHD14B,500
BC11,85,SPCS1,500
BC11,86,LRTM1,500
BC11,87,PDHB,500
BC11,88,KCTD6,500
BC11,89,C3orf14,500
BC11,90,GPR27,500
BC11,91,CADM2,500
BC11,92,NFKBIZ,500
BC11,93,NDUFB4,500
BC11,94,MGLL,500
BC11,95,TMEM108,500
BC11,96,RBP1,500
BC11,97,NMNAT3,500
BC11,98,CLSTN2,500
BC11,99,AGTR1,500
BC11,100,CP,500
BC11,101,SELENOT,500
BC11,102,SIAH2,500
BC11,103,SERPINI1,500
BC11,104,SKIL,500
BC11,105,TNFSF10,500
BC11,106,NDUFB5,500
BC11,107,FGF12,500
BC11,108,SLC49A3,500
BC11,109,MRFAP1,500
BC11,110,MRFAP1L1,500
BC11,111,KLHL5,500
BC11,112,ALB,500
BC11,113,AFP,500
BC11,114,AREG,500
BC11,115,RPL34,500
BC11,116,SNHG8,500
BC11,117,USP53,500
BC11,118,FGF2,500
BC11,119,SPATA5,500
BC11,120,TBC1D9,500
BC11,121,GASK1B,500
BC11,122,ING2,500
BC11,123,RWDD4,500
BC11,124,NKD2,500
BC11,125,NDUFS6,500
BC11,126,CMBL,500
BC11,127,MARCHF6,500
BC11,128,RETREG1,500
BC11,129,C7,500
BC11,130,PLCXD3,500
BC11,131,SELENOP,500
BC11,132,PART1,500
BC11,133,MAST4,500
BC11,134,PIK3R1,500
BC11,135,BTF3,500
BC11,136,COX7C,500
BC11,137,ISOC1,500
BC11,138,SEPTIN8,500
BC11,139,SOWAHA,500
BC11,140,UQCRQ,500
BC11,141,PITX1,500
BC11,142,ZMAT2,500
BC11,143,SPARC,500
BC11,144,NPM1,500
BC11,145,CANX,500
BC11,146,TMEM14B,500
BC11,147,RBM24,500
BC11,148,H1-2,500
BC11,149,H2AC6,500
BC11,150,H2BC5,500
BC11,151,LY6G6C,500
BC11,152,HSPA1A,500
BC11,153,AGPAT1,500
BC11,154,CCDC167,500
BC11,155,SAYSD1,500
BC11,156,TOMM6,500
BC11,157,MEA1,500
BC11,158,DNPH1,500
BC11,159,YIPF3,500
BC11,160,MRPS18A,500
BC11,161,HSP90AB1,500
BC11,162,ENPP4,500
BC11,163,ENPP5,500
BC11,164,TMEM14A,500
BC11,165,RIMS1,500
BC11,166,COX7A2,500
BC11,167,SNHG5,500
BC11,168,RPS12,500
BC11,169,RAB32,500
BC11,170,NDUFA4,500
BC11,171,PHF14,500
BC11,172,TSPAN13,500
BC11,173,HDAC9,500
BC11,174,COA1,500
BC11,175,BLVRA,500
BC11,176,MRPS24,500
BC11,177,AUTS2,500
BC11,178,CLDN3,500
BC11,179,GTF2I,500
BC11,180,RHBDD2,500
BC11,181,MDH2,500
BC11,182,SRRM3,500
BC11,183,APTR,500
BC11,184,RSBN1L,500
BC11,185,MAGI2,500
BC11,186,PCLO,500
BC11,187,TP53TG1,500
BC11,188,SRI,500
BC11,189,TMEM213,500
BC11,190,PIP,500
BC11,191,CLU,500
BC11,192,RAB11FIP1,500
BC11,193,FGFR1,500
BC11,194,TCIM,500
BC11,195,PCMTD1,500
BC11,196,STAU2,500
BC11,197,RNF139,500
BC11,198,NDUFB9,500
BC11,199,LY6K,500
BC11,200,GPAA1,500
BC11,201,CYC1,500
BC11,202,SHARPIN,500
BC11,203,SCRT1,500
BC11,204,LRRC24,500
BC11,205,C8orf82,500
BC11,206,TYRP1,500
BC11,207,PSIP1,500
BC11,208,HINT2,500
BC11,209,EXOSC3,500
BC11,210,LERFS,500
BC11,211,IDNK,500
BC11,212,CKS2,500
BC11,213,GADD45G,500
BC11,214,SUSD3,500
BC11,215,NINJ1,500
BC11,216,FAM120AOS,500
BC11,217,ECPAS,500
BC11,218,UGCG,500
BC11,219,KIF12,500
BC11,220,NDUFA8,500
BC11,221,STRBP,500
BC11,222,TMEM141,500
BC11,223,PHPT1,500
BC11,224,GATA3,500
BC11,225,ANKRD26,500
BC11,226,ANKRD30A,500
BC11,227,ARID5B,500
BC11,228,DNAJC12,500
BC11,229,PPP1R3C,500
BC11,230,CRTAC1,500
BC11,231,SCD,500
BC11,232,TRUB1,500
BC11,233,SIGIRR,500
BC11,234,MRPL23,500
BC11,235,TMEM9B,500
BC11,236,NRIP3,500
BC11,237,C11orf58,500
BC11,238,NUCB2,500
BC11,239,CD59,500
BC11,240,LRRC4C,500
BC11,241,SYT13,500
BC11,242,CHST1,500
BC11,243,NDUFS3,500
BC11,244,PLAAT3,500
BC11,245,RTN3,500
BC11,246,COX8A,500
BC11,247,TRMT112,500
BC11,248,PRDX5,500
BC11,249,SAC3D1,500
BC11,250,VPS51,500
BC11,251,TM7SF2,500
BC11,252,SPDYC,500
BC11,253,NEAT1,500
BC11,254,BANF1,500
BC11,255,YIF1A,500
BC11,256,MRPL11,500
BC11,257,CTSF,500
BC11,258,PPP1CA,500
BC11,259,CORO1B,500
BC11,260,TMEM134,500
BC11,261,NDUFV1,500
BC11,262,TESMIN,500
BC11,263,MRPL21,500
BC11,264,FOLR1,500
BC11,265,STARD10,500
BC11,266,RPS3,500
BC11,267,PRSS23,500
BC11,268,TAF1D,500
BC11,269,PDGFD,500
BC11,270,RPS25,500
BC11,271,FKBP4,500
BC11,272,CD9,500
BC11,273,PTMS,500
BC11,274,RBP5,500
BC11,275,CD163L1,500
BC11,276,YBX3,500
BC11,277,HEBP1,500
BC11,278,PLBD1,500
BC11,279,H2AJ,500
BC11,280,RERG,500
BC11,281,MGST1,500
BC11,282,PTHLH,500
BC11,283,ZCRB1,500
BC11,284,NELL2,500
BC11,285,COX14,500
BC11,286,CSAD,500
BC11,287,ATP5MC2,500
BC11,288,ATP5F1B,500
BC11,289,PTGES3,500
BC11,290,RXYLT1,500
BC11,291,KCNC2,500
BC11,292,NUDT4,500
BC11,293,NDUFA12,500
BC11,294,WASHC3,500
BC11,295,HELLPAR,500
BC11,296,ERP29,500
BC11,297,LINC00173,500
BC11,298,PEBP1,500
BC11,299,COX6A1,500
BC11,300,DYNLL1,500
BC11,301,ARL6IP4,500
BC11,302,TMED2,500
BC11,303,PXMP2,500
BC11,304,RPL21,500
BC11,305,ITM2B,500
BC11,306,NDRG2,500
BC11,307,NFATC4,500
BC11,308,RPS29,500
BC11,309,PYGL,500
BC11,310,ABHD12B,500
BC11,311,DHRS7,500
BC11,312,IRF2BPL,500
BC11,313,NRXN3,500
BC11,314,IFI27L1,500
BC11,315,GLRX5,500
BC11,316,DEGS2,500
BC11,317,CKB,500
BC11,318,IGHG4,500
BC11,319,FSIP1,500
BC11,320,PPP1R14D,500
BC11,321,CKMT1A,500
BC11,322,SORD,500
BC11,323,GATM,500
BC11,324,SQOR,500
BC11,325,DUT,500
BC11,326,SLC27A2,500
BC11,327,HDC,500
BC11,328,WDR72,500
BC11,329,CA12,500
BC11,330,HACD3,500
BC11,331,SPESP1,500
BC11,332,GLCE,500
BC11,333,PAQR5,500
BC11,334,COX5A,500
BC11,335,IDH3A,500
BC11,336,ISG20,500
BC11,337,IDH2,500
BC11,338,MCRIP2,500
BC11,339,METRN,500
BC11,340,MRPS34,500
BC11,341,NDUFB10,500
BC11,342,ECI1,500
BC11,343,FLYWCH2,500
BC11,344,TNFRSF12A,500
BC11,345,IL32,500
BC11,346,GGA2,500
BC11,347,NDUFAB1,500
BC11,348,TMEM265,500
BC11,349,MT1M,500
BC11,350,MT1G,500
BC11,351,HERPUD1,500
BC11,352,NQO1,500
BC11,353,GABARAPL2,500
BC11,354,CNTNAP4,500
BC11,355,CLEC3A,500
BC11,356,WWOX,500
BC11,357,GCSH,500
BC11,358,HSBP1,500
BC11,359,COX4I1,500
BC11,360,ACADVL,500
BC11,361,EIF4A1,500
BC11,362,RPL26,500
BC11,363,TMEM97,500
BC11,364,POLDIP2,500
BC11,365,VTN,500
BC11,366,COPRS,500
BC11,367,TMEM98,500
BC11,368,CISD3,500
BC11,369,LASP1,500
BC11,370,MIEN1,500
BC11,371,IGFBP4,500
BC11,372,KRT222,500
BC11,373,KRT15,500
BC11,374,KRT19,500
BC11,375,COA3,500
BC11,376,ARL4D,500
BC11,377,RUNDC3A,500
BC11,378,HOXB2,500
BC11,379,HOXB3,500
BC11,380,HOXB-AS3,500
BC11,381,HOXB5,500
BC11,382,HOXB6,500
BC11,383,HOXB8,500
BC11,384,NXPH3,500
BC11,385,TMEM92,500
BC11,386,CHAD,500
BC11,387,EPN3,500
BC11,388,SNHG25,500
BC11,389,AMZ2,500
BC11,390,SLC9A3R1,500
BC11,391,ATP5PD,500
BC11,392,MRPS7,500
BC11,393,NDUFAF8,500
BC11,394,ACTG1,500
BC11,395,MRPL12,500
BC11,396,ANAPC11,500
BC11,397,COLEC12,500
BC11,398,AQP4,500
BC11,399,GALNT1,500
BC11,400,SLC39A6,500
BC11,401,ATP5F1A,500
BC11,402,HAUS1,500
BC11,403,C18orf32,500
BC11,404,SEC11C,500
BC11,405,CDH7,500
BC11,406,CYB5A,500
BC11,407,GAMT,500
BC11,408,TJP3,500
BC11,409,RPL36,500
BC11,410,ANGPTL4,500
BC11,411,PRDX2,500
BC11,412,RTBDN,500
BC11,413,CALR,500
BC11,414,NFIX,500
BC11,415,NDUFB7,500
BC11,416,OCEL1,500
BC11,417,NR2F6,500
BC11,418,AC008555.4,500
BC11,419,HPN,500
BC11,420,FXYD3,500
BC11,421,USF2,500
BC11,422,COX6B1,500
BC11,423,APLP1,500
BC11,424,EIF3K,500
BC11,425,MRPS12,500
BC11,426,SERTAD3,500
BC11,427,CEACAM6,500
BC11,428,PAFAH1B3,500
BC11,429,TMEM145,500
BC11,430,CXCL17,500
BC11,431,APOE,500
BC11,432,APOC1,500
BC11,433,CLPTM1,500
BC11,434,TRAPPC6A,500
BC11,435,RTN2,500
BC11,436,EML2,500
BC11,437,TMEM160,500
BC11,438,FCGRT,500
BC11,439,ETFB,500
BC11,440,TNNT1,500
BC11,441,TNNI3,500
BC11,442,ISOC2,500
BC11,443,C20orf27,500
BC11,444,TMEM230,500
BC11,445,CST9,500
BC11,446,CST2,500
BC11,447,CST5,500
BC11,448,AL035661.1,500
BC11,449,ACSS1,500
BC11,450,ABHD12,500
BC11,451,DUSP15,500
BC11,452,PDRG1,500
BC11,453,NECAB3,500
BC11,454,DYNLRB1,500
BC11,455,BLCAP,500
BC11,456,MAFB,500
BC11,457,WFDC2,500
BC11,458,ZFAS1,500
BC11,459,PPDPF,500
BC11,460,SOD1,500
BC11,461,RUNX1,500
BC11,462,MRPL40,500
BC11,463,DGCR6L,500
BC11,464,CHCHD10,500
BC11,465,GAS2L1,500
BC11,466,NEFH,500
BC11,467,UQCR10,500
BC11,468,TIMP3,500
BC11,469,PVALB,500
BC11,470,TOMM22,500
BC11,471,ACO2,500
BC11,472,ATXN10,500
BC11,473,SLC25A6,500
BC11,474,PNPLA4,500
BC11,475,TMSB4X,500
BC11,476,ASB9,500
BC11,477,S100G,500
BC11,478,SYAP1,500
BC11,479,RBBP7,500
BC11,480,SH3KBP1,500
BC11,481,SAT1,500
BC11,482,ATP6AP2,500
BC11,483,RGN,500
BC11,484,MAGED2,500
BC11,485,GJB1,500
BC11,486,COX7B,500
BC11,487,RPL36A,500
BC11,488,BEX3,500
BC11,489,TCEAL1,500
BC11,490,MORF4L2,500
BC11,491,SLC25A5,500
BC11,492,NDUFA1,500
BC11,493,MCTS1,500
BC11,494,GRIA3,500
BC11,495,LDOC1,500
BC11,496,CSAG1,500
BC11,497,MAGEA12,500
BC11,498,ATP6AP1,500
BC11,499,MT-CO1,500
BC11,500,MT-CO2,500
BC12,1,C1QTNF12,500
BC12,2,RBP7,500
BC12,3,SDHB,500
BC12,4,IGSF21,500
BC12,5,MICOS10,500
BC12,6,NBL1,500
BC12,7,CAMK2N1,500
BC12,8,RPL11,500
BC12,9,STMN1,500
BC12,10,SH3BGRL3,500
BC12,11,WASF2,500
BC12,12,SERINC2,500
BC12,13,UQCRH,500
BC12,14,CYP4B1,500
BC12,15,DIO1,500
BC12,16,TACSTD2,500
BC12,17,FOXD3-AS1,500
BC12,18,PTGER3,500
BC12,19,ST6GALNAC5,500
BC12,20,CCN1,500
BC12,21,EPHX4,500
BC12,22,ARHGAP29,500
BC12,23,CNN3,500
BC12,24,VAV3,500
BC12,25,AHCYL1,500
BC12,26,ATP5PB,500
BC12,27,OLFML3,500
BC12,28,PDZK1,500
BC12,29,TXNIP,500
BC12,30,PDE4DIP,500
BC12,31,CA14,500
BC12,32,CERS2,500
BC12,33,ANXA9,500
BC12,34,MLLT11,500
BC12,35,CELF3,500
BC12,36,S100A10,500
BC12,37,S100A11,500
BC12,38,S100A16,500
BC12,39,S100A14,500
BC12,40,HAPLN2,500
BC12,41,IGSF9,500
BC12,42,ATP1A2,500
BC12,43,NDUFS2,500
BC12,44,PBX1,500
BC12,45,MPC2,500
BC12,46,DCAF6,500
BC12,47,ANGPTL1,500
BC12,48,RGS16,500
BC12,49,C1orf21,500
BC12,50,BTG2,500
BC12,51,NFASC,500
BC12,52,PLXNA2,500
BC12,53,NENF,500
BC12,54,ESRRG,500
BC12,55,MTARC2,500
BC12,56,ADI1,500
BC12,57,YWHAQ,500
BC12,58,LRATD1,500
BC12,59,MAP4K3-DT,500
BC12,60,COX7A2L,500
BC12,61,SIX2,500
BC12,62,MDH1,500
BC12,63,NFU1,500
BC12,64,SFXN5,500
BC12,65,CAPG,500
BC12,66,VAMP8,500
BC12,67,CYTOR,500
BC12,68,AC008268.1,500
BC12,69,COX5B,500
BC12,70,FHL2,500
BC12,71,DBI,500
BC12,72,MZT2B,500
BC12,73,MZT2A,500
BC12,74,LRP1B,500
BC12,75,AC061961.1,500
BC12,76,KCNJ3,500
BC12,77,ITGB6,500
BC12,78,MYO3B,500
BC12,79,ATP5MC3,500
BC12,80,UBE2E3,500
BC12,81,SLC40A1,500
BC12,82,HSPD1,500
BC12,83,HSPE1,500
BC12,84,IDH1,500
BC12,85,SGPP2,500
BC12,86,DOCK10,500
BC12,87,COPS9,500
BC12,88,AC110619.1,500
BC12,89,TIMP4,500
BC12,90,ZNF385D,500
BC12,91,CMTM6,500
BC12,92,P4HTM,500
BC12,93,GPX1,500
BC12,94,LRTM1,500
BC12,95,PDHB,500
BC12,96,GPR27,500
BC12,97,CADM2,500
BC12,98,DUBR,500
BC12,99,ZBTB20,500
BC12,100,COX17,500
BC12,101,NDUFB4,500
BC12,102,TRH,500
BC12,103,TMEM108,500
BC12,104,RBP1,500
BC12,105,CLSTN2,500
BC12,106,AGTR1,500
BC12,107,TM4SF1,500
BC12,108,SSR3,500
BC12,109,SERPINI1,500
BC12,110,NDUFB5,500
BC12,111,FGF12,500
BC12,112,ATP5ME,500
BC12,113,MRFAP1,500
BC12,114,MRFAP1L1,500
BC12,115,KLHL5,500
BC12,116,HOPX,500
BC12,117,ALB,500
BC12,118,AFP,500
BC12,119,AREG,500
BC12,120,PARM1,500
BC12,121,TMEM150C,500
BC12,122,HSD17B11,500
BC12,123,RPL34,500
BC12,124,TBC1D9,500
BC12,125,GRIA2,500
BC12,126,GASK1B,500
BC12,127,CPE,500
BC12,128,ING2,500
BC12,129,RWDD4,500
BC12,130,NKD2,500
BC12,131,CMBL,500
BC12,132,MARCHF6,500
BC12,133,FBXL7,500
BC12,134,RETREG1,500
BC12,135,BASP1,500
BC12,136,PRLR,500
BC12,137,C7,500
BC12,138,PLCXD3,500
BC12,139,SELENOP,500
BC12,140,HMGCS1,500
BC12,141,PART1,500
BC12,142,MAST4,500
BC12,143,PIK3R1,500
BC12,144,AP3S1,500
BC12,145,ISOC1,500
BC12,146,SEPTIN8,500
BC12,147,SOWAHA,500
BC12,148,RPS14,500
BC12,149,SPARC,500
BC12,150,CANX,500
BC12,151,DSP,500
BC12,152,ELOVL2,500
BC12,153,RBM24,500
BC12,154,CAP2,500
BC12,155,H1-2,500
BC12,156,HLA-C,500
BC12,157,HLA-B,500
BC12,158,LY6G6C,500
BC12,159,HSPA1A,500
BC12,160,CFB,500
BC12,161,HMGA1,500
BC12,162,CNPY3,500
BC12,163,DNPH1,500
BC12,164,MRPS18A,500
BC12,165,HSP90AB1,500
BC12,166,ENPP4,500
BC12,167,ENPP5,500
BC12,168,COX7A2,500
BC12,169,CGA,500
BC12,170,CD24,500
BC12,171,TPD52L1,500
BC12,172,ESR1,500
BC12,173,GPER1,500
BC12,174,RADIL,500
BC12,175,NDUFA4,500
BC12,176,PHF14,500
BC12,177,HDAC9,500
BC12,178,SNX10,500
BC12,179,SEC61G,500
BC12,180,AUTS2,500
BC12,181,CLDN3,500
BC12,182,GTF2I,500
BC12,183,RCC1L,500
BC12,184,RHBDD2,500
BC12,185,MDH2,500
BC12,186,APTR,500
BC12,187,RSBN1L,500
BC12,188,MAGI2,500
BC12,189,PCLO,500
BC12,190,TP53TG1,500
BC12,191,SRI,500
BC12,192,ARPC1B,500
BC12,193,AZGP1,500
BC12,194,TMEM213,500
BC12,195,PIP,500
BC12,196,STC1,500
BC12,197,CLU,500
BC12,198,DUSP4,500
BC12,199,TCIM,500
BC12,200,PCMTD1,500
BC12,201,STAU2,500
BC12,202,TMEM64,500
BC12,203,NECAB1,500
BC12,204,LAPTM4B,500
BC12,205,COX6C,500
BC12,206,NDUFB9,500
BC12,207,SQLE,500
BC12,208,CYC1,500
BC12,209,SCRT1,500
BC12,210,LRRC24,500
BC12,211,C8orf82,500
BC12,212,DMAC1,500
BC12,213,PSIP1,500
BC12,214,HINT2,500
BC12,215,LERFS,500
BC12,216,FRMD3,500
BC12,217,IDNK,500
BC12,218,GOLM1,500
BC12,219,CKS2,500
BC12,220,GADD45G,500
BC12,221,SUSD3,500
BC12,222,FBP1,500
BC12,223,ECPAS,500
BC12,224,KIF12,500
BC12,225,ATP6V1G1,500
BC12,226,STOM,500
BC12,227,NDUFA8,500
BC12,228,STRBP,500
BC12,229,PHPT1,500
BC12,230,GATA3,500
BC12,231,ANKRD26,500
BC12,232,ANKRD30A,500
BC12,233,DNAJC12,500
BC12,234,TSPAN15,500
BC12,235,COMTD1,500
BC12,236,PRXL2A,500
BC12,237,GHITM,500
BC12,238,PPP1R3C,500
BC12,239,PDLIM1,500
BC12,240,CRTAC1,500
BC12,241,NDUFB8,500
BC12,242,KAZALD1,500
BC12,243,ATP5MD,500
BC12,244,TRUB1,500
BC12,245,RGS10,500
BC12,246,POLR2L,500
BC12,247,MRPL23,500
BC12,248,CDKN1C,500
BC12,249,PHLDA2,500
BC12,250,NRIP3,500
BC12,251,ADM,500
BC12,252,NUCB2,500
BC12,253,CD59,500
BC12,254,EHF,500
BC12,255,LRRC4C,500
BC12,256,SYT13,500
BC12,257,CHST1,500
BC12,258,MDK,500
BC12,259,LRP4,500
BC12,260,NDUFS3,500
BC12,261,PLAAT4,500
BC12,262,COX8A,500
BC12,263,PRDX5,500
BC12,264,TM7SF2,500
BC12,265,GSTP1,500
BC12,266,STARD10,500
BC12,267,RPS3,500
BC12,268,PRSS23,500
BC12,269,TMEM123,500
BC12,270,PDGFD,500
BC12,271,RPS25,500
BC12,272,LRTM2,500
BC12,273,FKBP4,500
BC12,274,CD9,500
BC12,275,PTMS,500
BC12,276,C12orf57,500
BC12,277,RBP5,500
BC12,278,CD163L1,500
BC12,279,YBX3,500
BC12,280,HEBP1,500
BC12,281,PLBD1,500
BC12,282,H2AJ,500
BC12,283,MGP,500
BC12,284,ARHGDIB,500
BC12,285,RERG,500
BC12,286,NELL2,500
BC12,287,COX14,500
BC12,288,METTL7A,500
BC12,289,KRT7,500
BC12,290,KRT8,500
BC12,291,IGFBP6,500
BC12,292,ATP5F1B,500
BC12,293,SLC35E3,500
BC12,294,KCNC2,500
BC12,295,OSBPL8,500
BC12,296,NAV3,500
BC12,297,NDUFA12,500
BC12,298,WASHC3,500
BC12,299,HELLPAR,500
BC12,300,LINC00173,500
BC12,301,PEBP1,500
BC12,302,COX6A1,500
BC12,303,PXMP2,500
BC12,304,ITM2B,500
BC12,305,DACH1,500
BC12,306,MYO16,500
BC12,307,NDRG2,500
BC12,308,DHRS2,500
BC12,309,NFATC4,500
BC12,310,FOXA1,500
BC12,311,PYGL,500
BC12,312,ABHD12B,500
BC12,313,LGALS3,500
BC12,314,DHRS7,500
BC12,315,TMED10,500
BC12,316,BATF,500
BC12,317,IRF2BPL,500
BC12,318,SLIRP,500
BC12,319,NRXN3,500
BC12,320,GALC,500
BC12,321,NDUFB1,500
BC12,322,ITPK1,500
BC12,323,SERPINA5,500
BC12,324,GLRX5,500
BC12,325,CKB,500
BC12,326,ATP5MPL,500
BC12,327,CRIP1,500
BC12,328,SNRPN,500
BC12,329,CKMT1A,500
BC12,330,DUT,500
BC12,331,SLC27A2,500
BC12,332,HDC,500
BC12,333,WDR72,500
BC12,334,HACD3,500
BC12,335,C15orf61,500
BC12,336,GLCE,500
BC12,337,PAQR5,500
BC12,338,THSD4,500
BC12,339,COX5A,500
BC12,340,LINGO1,500
BC12,341,IDH3A,500
BC12,342,DNAJA4,500
BC12,343,CTSH,500
BC12,344,HDGFL3,500
BC12,345,ABHD2,500
BC12,346,IGF1R,500
BC12,347,RPS2,500
BC12,348,ECI1,500
BC12,349,TNFRSF12A,500
BC12,350,GGA2,500
BC12,351,NDUFAB1,500
BC12,352,SEZ6L2,500
BC12,353,MT1M,500
BC12,354,MT1F,500
BC12,355,MT1G,500
BC12,356,HERPUD1,500
BC12,357,GABARAPL2,500
BC12,358,TERF2IP,500
BC12,359,CNTNAP4,500
BC12,360,HSBP1,500
BC12,361,COX4I1,500
BC12,362,VAMP2,500
BC12,363,RPL26,500
BC12,364,VTN,500
BC12,365,LASP1,500
BC12,366,KRT222,500
BC12,367,KRT15,500
BC12,368,RUNDC3A,500
BC12,369,HOXB5,500
BC12,370,HOXB7,500
BC12,371,HOXB8,500
BC12,372,ATP5MC1,500
BC12,373,NXPH3,500
BC12,374,SPOP,500
BC12,375,SLC35B1,500
BC12,376,FAM117A,500
BC12,377,MRPL27,500
BC12,378,ACSF2,500
BC12,379,CHAD,500
BC12,380,EPN3,500
BC12,381,SPATA20,500
BC12,382,NME2,500
BC12,383,COX11,500
BC12,384,MRPS23,500
BC12,385,DYNLL2,500
BC12,386,USP32,500
BC12,387,CYB561,500
BC12,388,SNHG25,500
BC12,389,DDX5,500
BC12,390,BPTF,500
BC12,391,AMZ2,500
BC12,392,PRKAR1A,500
BC12,393,SLC9A3R1,500
BC12,394,ATP5PD,500
BC12,395,SUMO2,500
BC12,396,MRPS7,500
BC12,397,ACTG1,500
BC12,398,COLEC12,500
BC12,399,AQP4,500
BC12,400,ATP5F1A,500
BC12,401,HAUS1,500
BC12,402,C18orf32,500
BC12,403,SEC11C,500
BC12,404,CDH7,500
BC12,405,ZADH2,500
BC12,406,TSHZ1,500
BC12,407,ATP5F1D,500
BC12,408,UQCR11,500
BC12,409,GADD45B,500
BC12,410,TLE5,500
BC12,411,PCP2,500
BC12,412,NDUFA7,500
BC12,413,CCDC151,500
BC12,414,ZNF44,500
BC12,415,PRDX2,500
BC12,416,RTBDN,500
BC12,417,NDUFB7,500
BC12,418,OCEL1,500
BC12,419,NR2F6,500
BC12,420,BST2,500
BC12,421,AC008555.4,500
BC12,422,HPN,500
BC12,423,FXYD3,500
BC12,424,FXYD5,500
BC12,425,COX6B1,500
BC12,426,APLP1,500
BC12,427,TMEM145,500
BC12,428,APOE,500
BC12,429,APOC1,500
BC12,430,EML2,500
BC12,431,TMEM160,500
BC12,432,SELENOW,500
BC12,433,HSD17B14,500
BC12,434,FCGRT,500
BC12,435,ETFB,500
BC12,436,MRPS26,500
BC12,437,C20orf27,500
BC12,438,TMEM230,500
BC12,439,CDS2,500
BC12,440,CST9,500
BC12,441,CST3,500
BC12,442,CST2,500
BC12,443,CST5,500
BC12,444,AL035661.1,500
BC12,445,ACSS1,500
BC12,446,DUSP15,500
BC12,447,PDRG1,500
BC12,448,NECAB3,500
BC12,449,DYNLRB1,500
BC12,450,NORAD,500
BC12,451,BLCAP,500
BC12,452,MAFB,500
BC12,453,MYBL2,500
BC12,454,SLC2A10,500
BC12,455,BCAS1,500
BC12,456,ATP5F1E,500
BC12,457,PPDPF,500
BC12,458,STMN3,500
BC12,459,C20orf204,500
BC12,460,PCMTD2,500
BC12,461,SOD1,500
BC12,462,RUNX1,500
BC12,463,FAM3B,500
BC12,464,COMT,500
BC12,465,DGCR6L,500
BC12,466,CHCHD10,500
BC12,467,MIF,500
BC12,468,DDT,500
BC12,469,NEFH,500
BC12,470,UQCR10,500
BC12,471,TIMP3,500
BC12,472,PVALB,500
BC12,473,RBX1,500
BC12,474,ACO2,500
BC12,475,NDUFA6,500
BC12,476,ATXN10,500
BC12,477,TMSB4X,500
BC12,478,ASB9,500
BC12,479,SH3KBP1,500
BC12,480,SAT1,500
BC12,481,ATP6AP2,500
BC12,482,SYP,500
BC12,483,MAGED2,500
BC12,484,COX7B,500
BC12,485,SH3BGRL,500
BC12,486,BEX3,500
BC12,487,NDUFA1,500
BC12,488,GRIA3,500
BC12,489,LDOC1,500
BC12,490,CSAG1,500
BC12,491,MAGEA12,500
BC12,492,ATP6AP1,500
BC12,493,MT-ND1,500
BC12,494,MT-ND2,500
BC12,495,MT-CO1,500
BC12,496,MT-CO2,500
BC12,497,MT-ATP6,500
BC12,498,MT-CO3,500
BC12,499,MT-ND3,500
BC12,500,MT-ND4,500
BC17,1,C1QTNF12,500
BC17,2,VWA1,500
BC17,3,RPL22,500
BC17,4,ENO1,500
BC17,5,RBP7,500
BC17,6,SRARP,500
BC17,7,RPL11,500
BC17,8,IFI6,500
BC17,9,RPS8,500
BC17,10,CYP4X1,500
BC17,11,PDZK1IP1,500
BC17,12,AK4,500
BC17,13,CNN3,500
BC17,14,HMGCS2,500
BC17,15,LINC02802,500
BC17,16,PDZK1,500
BC17,17,H2BC21,500
BC17,18,S100A10,500
BC17,19,S100A14,500
BC17,20,S100A13,500
BC17,21,RPS27,500
BC17,22,C1orf43,500
BC17,23,PMVK,500
BC17,24,ATP1A2,500
BC17,25,FCRLB,500
BC17,26,PBX1,500
BC17,27,MPC2,500
BC17,28,ATP1B1,500
BC17,29,GAS5,500
BC17,30,IER5,500
BC17,31,C1orf21,500
BC17,32,ZNF281,500
BC17,33,CHI3L1,500
BC17,34,LAMB3,500
BC17,35,SLC30A1,500
BC17,36,PPP2R5A,500
BC17,37,NENF,500
BC17,38,C1orf115,500
BC17,39,MTARC1,500
BC17,40,H2AW,500
BC17,41,ACTN2,500
BC17,42,GREB1,500
BC17,43,ERLEC1,500
BC17,44,AFTPH,500
BC17,45,CYTOR,500
BC17,46,RPL31,500
BC17,47,DBI,500
BC17,48,MZT2B,500
BC17,49,MZT2A,500
BC17,50,KCNJ3,500
BC17,51,HOXD-AS2,500
BC17,52,HOXD8,500
BC17,53,UBE2E3,500
BC17,54,HSPD1,500
BC17,55,HSPE1,500
BC17,56,CHPF,500
BC17,57,HDLBP,500
BC17,58,CMTM8,500
BC17,59,P4HTM,500
BC17,60,NDUFAF3,500
BC17,61,GPX1,500
BC17,62,TCTA,500
BC17,63,TEX264,500
BC17,64,SPCS1,500
BC17,65,SELENOK,500
BC17,66,NFKBIZ,500
BC17,67,ZBTB20,500
BC17,68,COX17,500
BC17,69,GOLGB1,500
BC17,70,FAM162A,500
BC17,71,SEC61A1,500
BC17,72,TRH,500
BC17,73,CP,500
BC17,74,SKIL,500
BC17,75,MUC20,500
BC17,76,PIGX,500
BC17,77,S100P,500
BC17,78,N4BP2,500
BC17,79,RBM47,500
BC17,80,HOPX,500
BC17,81,AREG,500
BC17,82,ANXA3,500
BC17,83,TMEM150C,500
BC17,84,PPM1K,500
BC17,85,GPRIN3,500
BC17,86,RPL34,500
BC17,87,SNHG8,500
BC17,88,FGF2,500
BC17,89,SPATA5,500
BC17,90,TBC1D9,500
BC17,91,GRIA2,500
BC17,92,GASK1B,500
BC17,93,CPE,500
BC17,94,NDUFS6,500
BC17,95,FBXL7,500
BC17,96,RETREG1,500
BC17,97,BASP1,500
BC17,98,SUB1,500
BC17,99,PRLR,500
BC17,100,RPL37,500
BC17,101,SELENOP,500
BC17,102,RHOBTB3,500
BC17,103,PITX1,500
BC17,104,EGR1,500
BC17,105,CXXC5,500
BC17,106,ERGIC1,500
BC17,107,TMEM14B,500
BC17,108,ELOVL2,500
BC17,109,MYLIP,500
BC17,110,H1-2,500
BC17,111,H2BC5,500
BC17,112,HSPA1A,500
BC17,113,AGPAT1,500
BC17,114,BRD2,500
BC17,115,TAPBP,500
BC17,116,SPDEF,500
BC17,117,CCDC167,500
BC17,118,TOMM6,500
BC17,119,MEA1,500
BC17,120,DNPH1,500
BC17,121,YIPF3,500
BC17,122,HSP90AB1,500
BC17,123,TMEM14A,500
BC17,124,COL12A1,500
BC17,125,COX7A2,500
BC17,126,TPBG,500
BC17,127,CGA,500
BC17,128,TPD52L1,500
BC17,129,RAB32,500
BC17,130,ESR1,500
BC17,131,C7orf50,500
BC17,132,GPER1,500
BC17,133,ZFAND2A,500
BC17,134,MAD1L1,500
BC17,135,EIF2AK1,500
BC17,136,NDUFA4,500
BC17,137,TSPAN13,500
BC17,138,AGR2,500
BC17,139,AGR3,500
BC17,140,SNX10,500
BC17,141,MRPS24,500
BC17,142,RAMP3,500
BC17,143,ADCY1,500
BC17,144,CLDN3,500
BC17,145,HSPB1,500
BC17,146,TFPI2,500
BC17,147,TRIP6,500
BC17,148,PIP,500
BC17,149,CTSB,500
BC17,150,STC1,500
BC17,151,SARAF,500
BC17,152,TCIM,500
BC17,153,ANK1,500
BC17,154,TMEM64,500
BC17,155,NECAB1,500
BC17,156,TRPS1,500
BC17,157,RNF139,500
BC17,158,MTSS1,500
BC17,159,LY6K,500
BC17,160,LY6E,500
BC17,161,TYRP1,500
BC17,162,RPS6,500
BC17,163,DNAJA1,500
BC17,164,DCTN3,500
BC17,165,SPAAR,500
BC17,166,CKS2,500
BC17,167,FAM120AOS,500
BC17,168,GNG10,500
BC17,169,ORM1,500
BC17,170,RPL12,500
BC17,171,FAM102A,500
BC17,172,EGFL7,500
BC17,173,GATA3,500
BC17,174,MSMB,500
BC17,175,DDIT4,500
BC17,176,ADIRF,500
BC17,177,SCD,500
BC17,178,BAG3,500
BC17,179,CALY,500
BC17,180,IFITM2,500
BC17,181,POLR2L,500
BC17,182,CD81,500
BC17,183,KCNQ1OT1,500
BC17,184,NUCB2,500
BC17,185,CCDC34,500
BC17,186,LGR4,500
BC17,187,MDK,500
BC17,188,SCGB2A1,500
BC17,189,UQCC3,500
BC17,190,LGALS12,500
BC17,191,PLAAT2,500
BC17,192,PLAAT3,500
BC17,193,RTN3,500
BC17,194,COX8A,500
BC17,195,TRMT112,500
BC17,196,PRDX5,500
BC17,197,SAC3D1,500
BC17,198,TM7SF2,500
BC17,199,SPDYC,500
BC17,200,NEAT1,500
BC17,201,FAM89B,500
BC17,202,RNASEH2C,500
BC17,203,OVOL1,500
BC17,204,CCDC85B,500
BC17,205,DRAP1,500
BC17,206,BANF1,500
BC17,207,YIF1A,500
BC17,208,ZDHHC24,500
BC17,209,CTSF,500
BC17,210,POLD4,500
BC17,211,PPP1CA,500
BC17,212,RPS6KB2,500
BC17,213,CORO1B,500
BC17,214,TMEM134,500
BC17,215,ALDH3B2,500
BC17,216,TESMIN,500
BC17,217,MRPL21,500
BC17,218,CCND1,500
BC17,219,FOLR1,500
BC17,220,STARD10,500
BC17,221,RPS3,500
BC17,222,PRSS23,500
BC17,223,TAF1D,500
BC17,224,RPS25,500
BC17,225,HSPA8,500
BC17,226,WNK1,500
BC17,227,ADIPOR2,500
BC17,228,FKBP4,500
BC17,229,SCNN1A,500
BC17,230,MLF2,500
BC17,231,H2AJ,500
BC17,232,SMCO3,500
BC17,233,PTHLH,500
BC17,234,ARF3,500
BC17,235,GALNT6,500
BC17,236,NR4A1,500
BC17,237,KRT7,500
BC17,238,IGFBP6,500
BC17,239,CSAD,500
BC17,240,HOXC10,500
BC17,241,HOXC6,500
BC17,242,HOXC8,500
BC17,243,ERBB3,500
BC17,244,GNS,500
BC17,245,TCTN1,500
BC17,246,MED13L,500
BC17,247,PEBP1,500
BC17,248,HSPB8,500
BC17,249,COX6A1,500
BC17,250,SRSF9,500
BC17,251,DYNLL1,500
BC17,252,ARL6IP4,500
BC17,253,TMED2,500
BC17,254,PXMP2,500
BC17,255,MRPL57,500
BC17,256,GTF3A,500
BC17,257,HSPH1,500
BC17,258,DACH1,500
BC17,259,DNAJC3,500
BC17,260,STK24,500
BC17,261,IRS2,500
BC17,262,MCF2L,500
BC17,263,DHRS2,500
BC17,264,FOXA1,500
BC17,265,RPS29,500
BC17,266,ZFP36L1,500
BC17,267,TMED8,500
BC17,268,GALC,500
BC17,269,ITPK1,500
BC17,270,IFI27,500
BC17,271,SERPINA5,500
BC17,272,HSP90AA1,500
BC17,273,IGHG4,500
BC17,274,PPP1R14D,500
BC17,275,GOLM2,500
BC17,276,SORD,500
BC17,277,SPESP1,500
BC17,278,LRRC49,500
BC17,279,THSD4,500
BC17,280,LINGO1,500
BC17,281,DNAJA4,500
BC17,282,CTSH,500
BC17,283,IGF1R,500
BC17,284,SELENOS,500
BC17,285,NME4,500
BC17,286,METRN,500
BC17,287,HAGH,500
BC17,288,NDUFB10,500
BC17,289,SLC9A3R2,500
BC17,290,IL32,500
BC17,291,NDUFAB1,500
BC17,292,TMEM265,500
BC17,293,RBL2,500
BC17,294,CRNDE,500
BC17,295,IRX5,500
BC17,296,HERPUD1,500
BC17,297,GOT2,500
BC17,298,NOL3,500
BC17,299,TMEM208,500
BC17,300,CDH1,500
BC17,301,NQO1,500
BC17,302,ZFHX3,500
BC17,303,GABARAPL2,500
BC17,304,CLEC3A,500
BC17,305,WWOX,500
BC17,306,GCSH,500
BC17,307,HSBP1,500
BC17,308,COX4I1,500
BC17,309,MAP1LC3B,500
BC17,310,SLC7A5,500
BC17,311,CYBA,500
BC17,312,APRT,500
BC17,313,TRAPPC2L,500
BC17,314,ANKRD11,500
BC17,315,RABEP1,500
BC17,316,ELP5,500
BC17,317,RPL26,500
BC17,318,RASD1,500
BC17,319,SREBF1,500
BC17,320,PIGS,500
BC17,321,CPD,500
BC17,322,COPRS,500
BC17,323,LIG3,500
BC17,324,AP2B1,500
BC17,325,CISD3,500
BC17,326,PPP1R1B,500
BC17,327,IGFBP4,500
BC17,328,KRT15,500
BC17,329,RPL27,500
BC17,330,GRN,500
BC17,331,COPZ2,500
BC17,332,NFE2L1,500
BC17,333,HOXB2,500
BC17,334,ATP5MC1,500
BC17,335,SNF8,500
BC17,336,PHB,500
BC17,337,SLC35B1,500
BC17,338,FAM117A,500
BC17,339,TMEM92,500
BC17,340,MRPL27,500
BC17,341,ACSF2,500
BC17,342,CHAD,500
BC17,343,EPN3,500
BC17,344,SPATA20,500
BC17,345,TOB1,500
BC17,346,NME1,500
BC17,347,NME2,500
BC17,348,MRPS23,500
BC17,349,DYNLL2,500
BC17,350,SUPT4H1,500
BC17,351,CLTC,500
BC17,352,VMP1,500
BC17,353,USP32,500
BC17,354,CYB561,500
BC17,355,ACE,500
BC17,356,DCAF7,500
BC17,357,TACO1,500
BC17,358,DDX42,500
BC17,359,SMARCD2,500
BC17,360,SNHG25,500
BC17,361,DDX5,500
BC17,362,BPTF,500
BC17,363,AMZ2,500
BC17,364,SLC16A6,500
BC17,365,PRKAR1A,500
BC17,366,GPRC5C,500
BC17,367,SLC9A3R1,500
BC17,368,HID1,500
BC17,369,ATP5PD,500
BC17,370,SUMO2,500
BC17,371,MRPS7,500
BC17,372,LLGL2,500
BC17,373,H3-3B,500
BC17,374,LGALS3BP,500
BC17,375,NDUFAF8,500
BC17,376,ANAPC11,500
BC17,377,CENPX,500
BC17,378,DCXR,500
BC17,379,MYL12A,500
BC17,380,MYL12B,500
BC17,381,LDLRAD4,500
BC17,382,GALNT1,500
BC17,383,SLC39A6,500
BC17,384,RPL17,500
BC17,385,FSTL3,500
BC17,386,PLPPR3,500
BC17,387,GPX4,500
BC17,388,RPL36,500
BC17,389,NDUFA7,500
BC17,390,RPS28,500
BC17,391,ANGPTL4,500
BC17,392,CALR,500
BC17,393,GADD45GIP1,500
BC17,394,NFIX,500
BC17,395,DNAJB1,500
BC17,396,KLF2,500
BC17,397,NR2F6,500
BC17,398,JUND,500
BC17,399,REX1BD,500
BC17,400,CHST8,500
BC17,401,HPN,500
BC17,402,FXYD3,500
BC17,403,COX6B1,500
BC17,404,KCNK6,500
BC17,405,BLVRB,500
BC17,406,CEACAM5,500
BC17,407,CEACAM6,500
BC17,408,RABAC1,500
BC17,409,DEDD2,500
BC17,410,PAFAH1B3,500
BC17,411,CXCL17,500
BC17,412,BCAM,500
BC17,413,FOSB,500
BC17,414,RTN2,500
BC17,415,CALM3,500
BC17,416,SLC1A5,500
BC17,417,AP2S1,500
BC17,418,TMEM160,500
BC17,419,SELENOW,500
BC17,420,HSD17B14,500
BC17,421,FCGRT,500
BC17,422,EMC10,500
BC17,423,JOSD2,500
BC17,424,ETFB,500
BC17,425,MYADM,500
BC17,426,TNNT1,500
BC17,427,UBE2S,500
BC17,428,ISOC2,500
BC17,429,ZNF587,500
BC17,430,MRPS26,500
BC17,431,DDRGK1,500
BC17,432,C20orf27,500
BC17,433,TMEM230,500
BC17,434,TMX4,500
BC17,435,CST3,500
BC17,436,DYNLRB1,500
BC17,437,SCAND1,500
BC17,438,NORAD,500
BC17,439,RPN2,500
BC17,440,MYBL2,500
BC17,441,SERINC3,500
BC17,442,KCNK15,500
BC17,443,YWHAB,500
BC17,444,SLPI,500
BC17,445,PIGT,500
BC17,446,CD40,500
BC17,447,SLC2A10,500
BC17,448,NCOA3,500
BC17,449,PREX1,500
BC17,450,BCAS1,500
BC17,451,NPEPL1,500
BC17,452,GNAS,500
BC17,453,CTSZ,500
BC17,454,ATP5F1E,500
BC17,455,SLC17A9,500
BC17,456,PPDPF,500
BC17,457,SLC2A4RG,500
BC17,458,C20orf204,500
BC17,459,PCMTD2,500
BC17,460,SOD1,500
BC17,461,PIGP,500
BC17,462,FAM3B,500
BC17,463,TFF3,500
BC17,464,SLC25A1,500
BC17,465,DGCR6L,500
BC17,466,SDF2L1,500
BC17,467,EMID1,500
BC17,468,SELENOM,500
BC17,469,TIMP3,500
BC17,470,PVALB,500
BC17,471,SYNGR1,500
BC17,472,SMDT1,500
BC17,473,FBLN1,500
BC17,474,CD99,500
BC17,475,ARSD,500
BC17,476,PNPLA4,500
BC17,477,TMSB4X,500
BC17,478,AP1S2,500
BC17,479,CTPS2,500
BC17,480,S100G,500
BC17,481,SYAP1,500
BC17,482,RBBP7,500
BC17,483,EIF1AX,500
BC17,484,SAT1,500
BC17,485,SYTL5,500
BC17,486,USP9X,500
BC17,487,RPL36A,500
BC17,488,BEX4,500
BC17,489,BEX3,500
BC17,490,TCEAL4,500
BC17,491,TCEAL3,500
BC17,492,TCEAL1,500
BC17,493,MORF4L2,500
BC17,494,SSR4,500
BC17,495,ATP6AP1,500
BC17,496,MT-CO1,500
BC17,497,MT-CO2,500
BC17,498,MT-ATP6,500
BC17,499,MT-ND5,500
BC17,500,MT-CYB,500
