"integrated_rank","gene","final_integrated_score","final_tier","adjusted_biomarker_score","biomarker_score","avg_log2FC","absolute_log2FC","pct.1","pct.2","prevalence_difference","mean_sample_prevalence","minimum_sample_prevalence","maximum_sample_prevalence","consistency_category","sample_consistency_score","specificity_score","prevalence_score","significance_score","high_priority","robust_3sample","final_biological_category","biological_class","GO_BP_support","GO_CC_support","GO_MF_support","KEGG_support","pathway_support","epithelial_relevance","proliferation_relevance","mitochondrial_relevance","stress_relevance","metabolic_flag","biological_review_flag","strong_candidate","strong_3sample","review_category","final_review_status","pathway_support_score","biological_relevance_score","consistency_penalty","review_penalty","final_biological_score","tumor_priority_score","OXPHOS_priority_score","final_panel_rank","final_review_class"
21,"ATP5F1A",0.701494756227477,"Tier_2_OXPHOS",0.774782182712209,0.774782182712209,1.78705746169767,1.78705746169767,0.789,0.571,0.218,0.772152054049474,0.564748201438849,0.983286908077994,"Consistent_3_of_3",1,0.218,0.789,1,TRUE,TRUE,"Mitochondrial_Metabolic","Mitochondrial_OXPHOS",TRUE,TRUE,TRUE,FALSE,TRUE,FALSE,FALSE,TRUE,FALSE,NA,"Standard_candidate",TRUE,TRUE,"Mitochondrial_OXPHOS","Standard",4,0.514956436542442,0,0,0.514956436542442,0.722573763949273,0.870234654813663,7,"Mitochondrial_OXPHOS"
30,"ETFB",0.687697613954743,"Tier_2_OXPHOS",0.740547687662161,0.740547687662161,1.38518150129729,1.38518150129729,0.651,0.215,0.436,0.643616641652226,0.58273381294964,0.763157894736842,"Consistent_3_of_3",1,0.436,0.651,1,TRUE,TRUE,"Mitochondrial_Metabolic","Mitochondrial_OXPHOS",TRUE,TRUE,TRUE,FALSE,TRUE,FALSE,FALSE,TRUE,FALSE,NA,"Standard_candidate",TRUE,TRUE,"Mitochondrial_OXPHOS","Standard",4,0.508109537532432,0,0,0.508109537532432,0.726591690681756,0.832364306298648,8,"Mitochondrial_OXPHOS"
15,"COX7B",0.705287673580521,"Tier_2_OXPHOS",0.724587398228997,0.724587398228997,1.13909918583198,1.13909918583198,0.957,0.753,0.204,0.955456312270225,0.935251798561151,0.991643454038997,"Consistent_3_of_3",1,0.204,0.957,1,TRUE,TRUE,"Mitochondrial_Metabolic","Mitochondrial_OXPHOS",TRUE,TRUE,TRUE,FALSE,TRUE,FALSE,FALSE,TRUE,FALSE,NA,"Standard_candidate",TRUE,TRUE,"Mitochondrial_OXPHOS","Standard",4,0.504917479645799,0,0,0.504917479645799,0.735805589380149,0.888776219468699,9,"Mitochondrial_OXPHOS"
22,"COX8A",0.699713647123647,"Tier_2_OXPHOS",0.71394587758215,0.71394587758215,1.0635670206572,1.0635670206572,0.981,0.807,0.174,0.982162541481256,0.968421052631579,0.989208633093525,"Consistent_3_of_3",1,0.174,0.981,1,FALSE,TRUE,"Mitochondrial_Metabolic","Mitochondrial_OXPHOS",TRUE,TRUE,TRUE,FALSE,TRUE,FALSE,FALSE,TRUE,FALSE,NA,"Standard_candidate",TRUE,TRUE,"Mitochondrial_OXPHOS","Standard",4,0.50278917551643,0,0,0.50278917551643,0.730881057153753,0.890383763274645,10,"Mitochondrial_OXPHOS"
40,"NDUFB5",0.678153746151341,"Tier_2_OXPHOS",0.70713435500549,0.70713435500549,1.09387484004392,1.09387484004392,0.784,0.466,0.318,0.770065536780369,0.615107913669065,0.863509749303621,"Consistent_3_of_3",1,0.318,0.784,1,TRUE,TRUE,"Mitochondrial_Metabolic","Mitochondrial_OXPHOS",TRUE,TRUE,TRUE,FALSE,TRUE,FALSE,FALSE,TRUE,FALSE,NA,"Standard_candidate",TRUE,TRUE,"Mitochondrial_OXPHOS","Standard",4,0.501426871001098,0,0,0.501426871001098,0.717897024251922,0.848940306501647,11,"Mitochondrial_OXPHOS"
35,"MDH2",0.682656071180685,"Tier_2_OXPHOS",0.703877645922375,0.703877645922375,1.058221167379,1.058221167379,0.892,0.676,0.216,0.887108509937395,0.820143884892086,0.983286908077994,"Consistent_3_of_3",1,0.216,0.892,1,TRUE,TRUE,"Mitochondrial_Metabolic","Mitochondrial_OXPHOS",TRUE,TRUE,TRUE,FALSE,TRUE,FALSE,FALSE,TRUE,FALSE,NA,"Standard_candidate",TRUE,TRUE,"Mitochondrial_OXPHOS","Standard",4,0.500775529184475,0,0,0.500775529184475,0.717957176072831,0.869563293776713,12,"Mitochondrial_OXPHOS"
39,"CYC1",0.678760804154267,"Tier_2_OXPHOS",0.699357163119656,0.699357163119656,1.01405730495725,1.01405730495725,0.849,0.585,0.264,0.83788165479931,0.712230215827338,0.930362116991644,"Consistent_3_of_3",1,0.264,0.849,1,TRUE,TRUE,"Mitochondrial_Metabolic","Mitochondrial_OXPHOS",TRUE,TRUE,TRUE,FALSE,TRUE,FALSE,FALSE,TRUE,FALSE,NA,"Standard_candidate",TRUE,TRUE,"Mitochondrial_OXPHOS","Standard",4,0.499871432623931,0,0,0.499871432623931,0.71737500709188,0.859607148935897,14,"Mitochondrial_OXPHOS"
37,"ATP5F1B",0.679362492992467,"Tier_2_OXPHOS",0.694559422061715,0.694559422061715,0.966075376493722,0.966075376493722,0.896,0.673,0.223,0.888597545947995,0.802158273381295,0.96100278551532,"Consistent_3_of_3",1,0.223,0.896,1,FALSE,TRUE,"Mitochondrial_Metabolic","Mitochondrial_OXPHOS",TRUE,TRUE,TRUE,FALSE,TRUE,FALSE,FALSE,TRUE,FALSE,NA,"Standard_candidate",TRUE,TRUE,"Mitochondrial_OXPHOS","Standard",4,0.498911884412343,0,0,0.498911884412343,0.7168957977216,0.867567826618515,15,"Mitochondrial_OXPHOS"
28,"COX5B",0.689992131137538,"Tier_2_OXPHOS",0.694250790629771,0.694250790629771,0.896406325038166,0.896406325038166,0.986,0.811,0.175,0.986226658608606,0.984210526315789,0.988857938718663,"Consistent_3_of_3",1,0.175,0.986,1,FALSE,TRUE,"Mitochondrial_Metabolic","Mitochondrial_OXPHOS",TRUE,TRUE,TRUE,FALSE,TRUE,FALSE,FALSE,TRUE,FALSE,NA,"Standard_candidate",TRUE,TRUE,"Mitochondrial_OXPHOS","Standard",4,0.498850158125954,0,0,0.498850158125954,0.72518777672042,0.885475237188931,16,"Mitochondrial_OXPHOS"
32,"COX5A",0.684395716904917,"Tier_2_OXPHOS",0.686557889505941,0.686557889505941,0.828463116047528,0.828463116047528,0.947,0.729,0.218,0.947188116681556,0.928947368421053,0.966573816155989,"Consistent_3_of_3",1,0.218,0.947,1,FALSE,TRUE,"Mitochondrial_Metabolic","Mitochondrial_OXPHOS",TRUE,TRUE,TRUE,FALSE,TRUE,FALSE,FALSE,TRUE,FALSE,NA,"Standard_candidate",TRUE,TRUE,"Mitochondrial_OXPHOS","Standard",4,0.497311577901188,0,0,0.497311577901188,0.723295261327079,0.875367366851782,20,"Mitochondrial_OXPHOS"
36,"UQCR10",0.68245030629408,"Tier_2_OXPHOS",0.685026324311889,0.685026324311889,0.837010594495108,0.837010594495108,0.964,0.776,0.188,0.964983052408682,0.936842105263158,0.983286908077994,"Consistent_3_of_3",1,0.188,0.964,1,FALSE,TRUE,"Mitochondrial_Metabolic","Mitochondrial_OXPHOS",TRUE,TRUE,TRUE,FALSE,TRUE,FALSE,FALSE,TRUE,FALSE,NA,"Standard_candidate",TRUE,TRUE,"Mitochondrial_OXPHOS","Standard",4,0.497005264862378,0,0,0.497005264862378,0.720159213509161,0.878307897293567,22,"Mitochondrial_OXPHOS"
29,"NDUFB7",0.689624893148779,"Tier_2_OXPHOS",0.684980285276756,0.684980285276756,0.74224228221405,0.74224228221405,0.931,0.651,0.28,0.931520427991282,0.928947368421053,0.935251798561151,"Consistent_3_of_3",1,0.28,0.931,1,FALSE,TRUE,"Mitochondrial_Metabolic","Mitochondrial_OXPHOS",TRUE,TRUE,TRUE,FALSE,TRUE,FALSE,FALSE,TRUE,FALSE,NA,"Standard_candidate",TRUE,TRUE,"Mitochondrial_OXPHOS","Standard",4,0.496996057055351,0,0,0.496996057055351,0.731943099846865,0.871694085583027,23,"Mitochondrial_OXPHOS"
34,"NDUFB9",0.683514994591374,"Tier_2_OXPHOS",0.682063756237649,0.682063756237649,0.787710049901196,0.787710049901196,0.97,0.772,0.198,0.969924362518488,0.955263157894737,0.983286908077994,"Consistent_3_of_3",1,0.198,0.97,1,FALSE,TRUE,"Mitochondrial_Metabolic","Mitochondrial_OXPHOS",TRUE,TRUE,TRUE,FALSE,TRUE,FALSE,FALSE,TRUE,FALSE,NA,"Standard_candidate",TRUE,TRUE,"Mitochondrial_OXPHOS","Standard",4,0.49641275124753,0,0,0.49641275124753,0.722322314683177,0.878619126871295,25,"Mitochondrial_OXPHOS"
31,"NDUFB10",0.684466735445208,"Tier_2_OXPHOS",0.681885747721626,0.681885747721626,0.751085981773012,0.751085981773012,0.925,0.66,0.265,0.924405445589284,0.899721448467967,0.952631578947368,"Consistent_3_of_3",1,0.265,0.925,1,FALSE,TRUE,"Mitochondrial_Metabolic","Mitochondrial_OXPHOS",TRUE,TRUE,TRUE,FALSE,TRUE,FALSE,FALSE,TRUE,FALSE,NA,"Standard_candidate",TRUE,TRUE,"Mitochondrial_OXPHOS","Standard",4,0.496377149544325,0,0,0.496377149544325,0.726660011702569,0.869565724316488,26,"Mitochondrial_OXPHOS"
45,"UQCRH",0.675785282088052,"Tier_2_OXPHOS",0.679926562090905,0.679926562090905,0.841012496727239,0.841012496727239,0.971,0.818,0.153,0.970596605840969,0.956834532374101,0.994428969359331,"Consistent_3_of_3",1,0.153,0.971,1,FALSE,TRUE,"Mitochondrial_Metabolic","Mitochondrial_OXPHOS",TRUE,TRUE,TRUE,FALSE,TRUE,FALSE,FALSE,TRUE,FALSE,NA,"Standard_candidate",TRUE,TRUE,"Mitochondrial_OXPHOS","Standard",4,0.495985312418181,0,0,0.495985312418181,0.712774296731817,0.878177968627271,29,"Mitochondrial_OXPHOS"
94,"NDUFS2",0.650355760092151,"Tier_2_OXPHOS",0.676793320495267,0.676793320495267,0.956746563962134,0.956746563962134,0.761,0.486,0.275,0.756159142470513,0.683453237410072,0.871866295264624,"Consistent_3_of_3",1,0.275,0.761,1,FALSE,TRUE,"Mitochondrial_Metabolic","Mitochondrial_OXPHOS",TRUE,TRUE,TRUE,FALSE,TRUE,FALSE,FALSE,TRUE,FALSE,NA,"Standard_candidate",TRUE,TRUE,"Mitochondrial_OXPHOS","Standard",4,0.495358664099053,0,0,0.495358664099053,0.694077662173343,0.83523799614858,32,"Mitochondrial_OXPHOS"
74,"NDUFA12",0.66182174262231,"Tier_2_OXPHOS",0.67501065194601,0.67501065194601,0.822485215568076,0.822485215568076,0.785,0.459,0.326,0.776931851381525,0.690647482014389,0.821727019498607,"Consistent_3_of_3",1,0.326,0.785,1,FALSE,TRUE,"Mitochondrial_Metabolic","Mitochondrial_OXPHOS",TRUE,TRUE,TRUE,FALSE,TRUE,FALSE,FALSE,TRUE,FALSE,NA,"Standard_candidate",TRUE,TRUE,"Mitochondrial_OXPHOS","Standard",4,0.495002130389202,0,0,0.495002130389202,0.708453728181104,0.839503195583803,33,"Mitochondrial_OXPHOS"
49,"NDUFA1",0.675077224677425,"Tier_2_OXPHOS",0.67348070392601,0.67348070392601,0.735045631408079,0.735045631408079,0.926,0.694,0.232,0.926038345397571,0.902631578947368,0.958217270194986,"Consistent_3_of_3",1,0.232,0.926,1,FALSE,TRUE,"Mitochondrial_Metabolic","Mitochondrial_OXPHOS",TRUE,TRUE,TRUE,FALSE,TRUE,FALSE,FALSE,TRUE,FALSE,NA,"Standard_candidate",TRUE,TRUE,"Mitochondrial_OXPHOS","Standard",4,0.494696140785202,0,0,0.494696140785202,0.717318246374104,0.867244211177803,34,"Mitochondrial_OXPHOS"
102,"NDUFA8",0.647985164378658,"Tier_2_OXPHOS",0.671864627090596,0.671864627090596,0.90451701672477,0.90451701672477,0.744,0.444,0.3,0.736628981523768,0.643884892086331,0.813370473537604,"Consistent_3_of_3",1,0.3,0.744,1,FALSE,TRUE,"Mitochondrial_Metabolic","Mitochondrial_OXPHOS",TRUE,TRUE,TRUE,FALSE,TRUE,FALSE,FALSE,TRUE,FALSE,NA,"Standard_candidate",TRUE,TRUE,"Mitochondrial_OXPHOS","Standard",4,0.494372925418119,0,0,0.494372925418119,0.693952619481709,0.830359388127179,35,"Mitochondrial_OXPHOS"
41,"IDH2",0.677867804054534,"Tier_2_OXPHOS",0.670927365297269,0.670927365297269,0.660218922378154,0.660218922378154,0.908,0.624,0.284,0.901316097100329,0.838129496402878,0.960526315789474,"Consistent_3_of_3",1,0.284,0.908,1,FALSE,TRUE,"Mitochondrial_Metabolic","Mitochondrial_OXPHOS",TRUE,TRUE,TRUE,FALSE,TRUE,FALSE,FALSE,TRUE,FALSE,NA,"Standard_candidate",TRUE,TRUE,"Mitochondrial_OXPHOS","Standard",4,0.494185473059454,0,0,0.494185473059454,0.723224577854044,0.862878209589181,37,"Mitochondrial_OXPHOS"
55,"NDUFB4",0.672060477631703,"Tier_2_OXPHOS",0.669011888572467,0.669011888572467,0.723295108579735,0.723295108579735,0.96,0.777,0.183,0.959491881644955,0.944736842105263,0.98050139275766,"Consistent_3_of_3",1,0.183,0.96,1,FALSE,TRUE,"Mitochondrial_Metabolic","Mitochondrial_OXPHOS",TRUE,TRUE,TRUE,FALSE,TRUE,FALSE,FALSE,TRUE,FALSE,NA,"Standard_candidate",TRUE,TRUE,"Mitochondrial_OXPHOS","Standard",4,0.493802377714493,0,0,0.493802377714493,0.712754161000363,0.87270356657174,38,"Mitochondrial_OXPHOS"
68,"NDUFA7",0.665890917795199,"Tier_2_OXPHOS",0.662635773493152,0.662635773493152,0.651486187945216,0.651486187945216,0.868,0.58,0.288,0.872488035081391,0.839473684210526,0.91726618705036,"Consistent_3_of_3",1,0.288,0.868,1,FALSE,TRUE,"Mitochondrial_Metabolic","Mitochondrial_OXPHOS",TRUE,TRUE,TRUE,FALSE,TRUE,FALSE,FALSE,TRUE,FALSE,NA,"Standard_candidate",TRUE,TRUE,"Mitochondrial_OXPHOS","Standard",4,0.49252715469863,0,0,0.49252715469863,0.713122520722603,0.852390732047946,40,"Mitochondrial_OXPHOS"
62,"NDUFS6",0.667746100131695,"Tier_2_OXPHOS",0.662463999645813,0.662463999645813,0.640511997166507,0.640511997166507,0.889,0.616,0.273,0.887149538542454,0.866295264623955,0.921052631578947,"Consistent_3_of_3",1,0.273,0.889,1,FALSE,TRUE,"Mitochondrial_Metabolic","Mitochondrial_OXPHOS",TRUE,TRUE,TRUE,FALSE,TRUE,FALSE,FALSE,TRUE,FALSE,NA,"Standard_candidate",TRUE,TRUE,"Mitochondrial_OXPHOS","Standard",4,0.492492799929163,0,0,0.492492799929163,0.714262399876034,0.856539199893744,42,"Mitochondrial_OXPHOS"
138,"NDUFS3",0.633010436249248,"Tier_2_OXPHOS",0.659863118127973,0.659863118127973,0.866104945023785,0.866104945023785,0.685,0.362,0.323,0.674962302552035,0.550359712230216,0.777158774373259,"Consistent_3_of_3",1,0.323,0.685,1,FALSE,TRUE,"Mitochondrial_Metabolic","Mitochondrial_OXPHOS",TRUE,TRUE,TRUE,FALSE,TRUE,FALSE,FALSE,TRUE,FALSE,NA,"Standard_candidate",TRUE,TRUE,"Mitochondrial_OXPHOS","Standard",4,0.491972623625595,0,0,0.491972623625595,0.682552091344791,0.814958935438392,43,"Mitochondrial_OXPHOS"
184,"NDUFV1",0.614697415224058,"Tier_2_OXPHOS",0.657756162644686,0.657756162644686,0.99804930115749,0.99804930115749,0.621,0.327,0.294,0.597444325729857,0.345323741007194,0.786842105263158,"Consistent_3_of_3",1,0.294,0.621,1,FALSE,TRUE,"Mitochondrial_Metabolic","Mitochondrial_OXPHOS",TRUE,TRUE,TRUE,FALSE,TRUE,FALSE,FALSE,TRUE,FALSE,NA,"Standard_candidate",TRUE,TRUE,"Mitochondrial_OXPHOS","Standard",4,0.491551232528937,0,0,0.491551232528937,0.66321465692564,0.801526848793406,46,"Mitochondrial_OXPHOS"
312,"IDH1",0.566720259589589,"Tier_2_OXPHOS",0.652815585137174,0.652815585137174,1.33292468109739,1.33292468109739,0.418,0.155,0.263,0.415142209645273,0.370503597122302,0.498607242339833,"Consistent_3_of_3",1,0.263,0.418,1,TRUE,TRUE,"Mitochondrial_Metabolic","Mitochondrial_OXPHOS",TRUE,TRUE,TRUE,FALSE,TRUE,FALSE,FALSE,TRUE,FALSE,NA,"Standard_candidate",TRUE,TRUE,"Mitochondrial_OXPHOS","Standard",4,0.490563117027435,0,0,0.490563117027435,0.614685454798011,0.759444675541152,48,"Mitochondrial_OXPHOS"
116,"COX7A2L",0.643668867594856,"Tier_2_OXPHOS",0.65100144050133,0.65100144050133,0.710411524010644,0.710411524010644,0.837,0.613,0.224,0.835196285135797,0.784210526315789,0.919220055710306,"Consistent_3_of_3",1,0.224,0.837,1,FALSE,TRUE,"Mitochondrial_Metabolic","Mitochondrial_OXPHOS",TRUE,TRUE,TRUE,FALSE,TRUE,FALSE,FALSE,TRUE,FALSE,NA,"Standard_candidate",TRUE,TRUE,"Mitochondrial_OXPHOS","Standard",4,0.490200288100266,0,0,0.490200288100266,0.690050504175465,0.842700432150399,49,"Mitochondrial_OXPHOS"
83,"NDUFA6",0.653661511659396,"Tier_2_OXPHOS",0.649629397170681,0.649629397170681,0.609835177365444,0.609835177365444,0.884,0.651,0.233,0.883943752489578,0.847368421052632,0.930362116991644,"Consistent_3_of_3",1,0.233,0.884,1,FALSE,TRUE,"Mitochondrial_Metabolic","Mitochondrial_OXPHOS",TRUE,TRUE,TRUE,FALSE,TRUE,FALSE,FALSE,TRUE,FALSE,NA,"Standard_candidate",TRUE,TRUE,"Mitochondrial_OXPHOS","Standard",4,0.489925879434136,0,0,0.489925879434136,0.700770289009738,0.851688819151204,50,"Mitochondrial_OXPHOS"
