"SYMBOL","ENTREZID","ENSEMBL"
"H1-2","3006","ENSG00000187837"
"CHCHD10","400916","ENSG00000250479"
"GLRX5","51218","ENSG00000182512"
"RETREG1","54463","ENSG00000154153"
"DBI","1622","ENSG00000155368"
"MPC2","25874","ENSG00000143158"
"ATP6AP2","10159","ENSG00000182220"
"CKB","1152","ENSG00000166165"
"H2AJ","55766","ENSG00000246705"
"HSBP1","3281","ENSG00000230989"
"TMEM160","54958","ENSG00000130748"
"FKBP4","2288","ENSG00000004478"
"ATP5F1A","498","ENSG00000152234"
"GASK1B","51313","ENSG00000164125"
"PRSS23","11098","ENSG00000150687"
"EPN3","55040","ENSG00000049283"
"TM7SF2","7108","ENSG00000149809"
"DCAF6","55827","ENSG00000143164"
"FCGRT","2217","ENSG00000104870"
"SNHG25","105376843","ENSG00000266402"
"PLAAT3","11145","ENSG00000176485"
"GADD45G","10912","ENSG00000130222"
"TSPAN13","27075","ENSG00000106537"
"PBX1","5087","ENSG00000185630"
"SELENOP","6414","ENSG00000250722"
"RWDD4","201965","ENSG00000182552"
"MAST4","375449","ENSG00000069020"
"TBC1D9","23158","ENSG00000109436"
"SCD","6319","ENSG00000099194"
"GGA2","23062","ENSG00000103365"
"RERG","85004","ENSG00000134533"
"ETFB","2109","ENSG00000105379"
"NUCB2","4925","ENSG00000070081"
"STARD10","10809","ENSG00000214530"
"HERPUD1","9709","ENSG00000051108"
"YWHAQ","10971","ENSG00000134308"
"RBBP7","5931","ENSG00000102054"
"GATA3","2625","ENSG00000107485"
"GTF2I","2969","ENSG00000263001"
"CKS2","1164","ENSG00000123975"
"ATP5MC3","518","ENSG00000154518"
"HSPE1","3336","ENSG00000115541"
"CLDN3","1365","ENSG00000165215"
"HSPA1A","3303","ENSG00000204389"
"HPN","3249","ENSG00000105707"
"COX7B","1349","ENSG00000131174"
"AMZ2","51321","ENSG00000196704"
"RSBN1L","222194","ENSG00000187257"
"TMEM230","29058","ENSG00000089063"
"CMBL","134147","ENSG00000164237"
"DNPH1","10591","ENSG00000112667"
"CST3","1471","ENSG00000101439"
"GPX1","2876","ENSG00000233276"
"CTSF","8722","ENSG00000174080"
"ESR1","2099","ENSG00000091831"
"ACO2","50","ENSG00000100412"
"NDUFAB1","4706","ENSG00000004779"
"IGFBP4","3487","ENSG00000141753"
"PCMTD1","115294","ENSG00000168300"
"CAPG","822","ENSG00000042493"
"COX8A","1351","ENSG00000176340"
"PXMP2","5827","ENSG00000176894"
"MAGED2","10916","ENSG00000102316"
"TNNT1","7138","ENSG00000105048"
"PRKAR1A","5573","ENSG00000108946"
"C18orf32","497661","ENSG00000177576"
"H2BC5","3017","ENSG00000158373"
"BEX3","27018","ENSG00000166681"
"NDUFB5","4711","ENSG00000136521"
"NDUFAF3","25915","ENSG00000178057"
"AHCYL1","10768","ENSG00000168710"
"ATP6AP1","537","ENSG00000071553"
"TPD52L1","7164","ENSG00000111907"
"MDH2","4191","ENSG00000146701"
"SORD","6652","ENSG00000140263"
"MZT2B","80097","ENSG00000152082"
"GABARAPL2","11345","ENSG00000034713"
"TEX264","51368","ENSG00000164081"
"COX14","84987","ENSG00000178449"
"CYC1","1537","ENSG00000179091"
"EGR1","1958","ENSG00000120738"
"CLU","1191","ENSG00000120885"
"SLC39A6","25800","ENSG00000141424"
"ATP5PD","10476","ENSG00000167863"
"SYAP1","94056","ENSG00000169895"
"HINT2","84681","ENSG00000137133"
"ATP5F1B","506","ENSG00000110955"
"CSAD","51380","ENSG00000139631"
"COX5B","1329","ENSG00000135940"
"HSPD1","3329","ENSG00000144381"
"PTMS","5763","ENSG00000159335"
"SRI","6717","ENSG00000075142"
"HEBP1","50865","ENSG00000013583"
"DGCR6L","85359","ENSG00000128185"
"NR2F6","2063","ENSG00000160113"
"GALNT1","2589","ENSG00000141429"
"TMEM134","80194","ENSG00000172663"
"FXYD3","5349","ENSG00000089356"
"SNF8","11267","ENSG00000159210"
"PRDX2","7001","ENSG00000167815"
"P4HTM","54681","ENSG00000178467"
"MRPS7","51081","ENSG00000125445"
"PDHB","5162","ENSG00000168291"
"CMTM6","54918","ENSG00000091317"
"CYB561","1534","ENSG00000008283"
"DYNLRB1","83658","ENSG00000125971"
"COX5A","9377","ENSG00000178741"
"HACD3","51495","ENSG00000074696"
"FOXA1","3169","ENSG00000129514"
"MRPS23","51649","ENSG00000181610"
"UQCR10","29796","ENSG00000184076"
"NDUFB7","4713","ENSG00000099795"
"COPS9","150678","ENSG00000172428"
"MRPL27","51264","ENSG00000108826"
"PEBP1","5037","ENSG00000089220"
"CCDC167","154467","ENSG00000198937"
"NQO1","1728","ENSG00000181019"
"NDUFB9","4715","ENSG00000147684"
"NDUFB10","4716","ENSG00000140990"
"MRPS26","64949","ENSG00000125901"
"DYNLL2","140735","ENSG00000264364"
"MRPS12","6183","ENSG00000128626"
"MORF4L2","9643","ENSG00000123562"
"UQCRH","7388","ENSG00000173660"
"ACSF2","80221","ENSG00000167107"
"RNF139","11236","ENSG00000170881"
"PAFAH1B3","5050","ENSG00000079462"
"MRPL12","6182","ENSG00000262814"
"OCEL1","79629","ENSG00000099330"
"C8orf82","414919","ENSG00000213563"
"GCSH","2653","ENSG00000140905"
"SELENOT","51714","ENSG00000198843"
"PRLR","5618","ENSG00000113494"
"NDUFS2","4720","ENSG00000158864"
"IRF2BPL","64207","ENSG00000119669"
"PHF14","9678","ENSG00000106443"
"ATP5MC1","516","ENSG00000159199"
"TCTA","6988","ENSG00000145022"
"LASP1","3927","ENSG00000002834"
"MIEN1","84299","ENSG00000141741"
"TXNIP","10628","ENSG00000265972"
"NDUFA12","55967","ENSG00000184752"
"STRBP","55342","ENSG00000165209"
"PNPLA4","8228","ENSG00000006757"
"TCEAL1","9338","ENSG00000172465"
"SPATA20","64847","ENSG00000006282"
"NDUFA1","4694","ENSG00000125356"
"UGCG","7357","ENSG00000148154"
"CERS2","29956","ENSG00000143418"
"BANF1","8815","ENSG00000175334"
"NDUFA8","4702","ENSG00000119421"
"MRPL23","6150","ENSG00000214026"
"EML2","24139","ENSG00000125746"
"IDH2","3418","ENSG00000182054"
"COMT","1312","ENSG00000093010"
"PHPT1","29085","ENSG00000054148"
"NDUFB4","4710","ENSG00000065518"
"BPTF","2186","ENSG00000171634"
"C1orf43","25912","ENSG00000143612"
"TOMM6","100188893","ENSG00000214736"
"RTN3","10313","ENSG00000133318"
"ATP5ME","521","ENSG00000169020"
"H2BC21","8349","ENSG00000184678"
"VAV3","10451","ENSG00000134215"
"DYNLL1","8655","ENSG00000088986"
"CANX","821","ENSG00000127022"
"SEC11C","90701","ENSG00000166562"
"COX17","10063","ENSG00000138495"
"TMEM14B","81853","ENSG00000137210"
"VAMP8","8673","ENSG00000118640"
"MCRIP2","84331","ENSG00000172366"
"COX11","1353","ENSG00000166260"
"TMED2","10959","ENSG00000086598"
"SSR3","6747","ENSG00000114850"
"PRXL2A","84293","ENSG00000122378"
"RHBDD2","57414","ENSG00000005486"
"MRFAP1","93621","ENSG00000179010"
"NDUFA7","4701","ENSG00000267855"
"MRPL40","64976","ENSG00000185608"
"NDUFS6","4726","ENSG00000145494"
"SCAND1","51282","ENSG00000171222"
"ARL6IP4","51329","ENSG00000182196"
"PRDX5","25824","ENSG00000126432"
"TMEM14A","28978","ENSG00000096092"
"NAXE","128240","ENSG00000163382"
"USF2","7392","ENSG00000105698"
"NDUFS3","4722","ENSG00000213619"
"ANAPC11","51529","ENSG00000141552"
"SMDT1","91689","ENSG00000183172"
"CAMK2N1","55450","ENSG00000162545"
"ERP29","10961","ENSG00000089248"
"CALR","811","ENSG00000179218"
"MRPS18A","55168","ENSG00000096080"
"THSD4","79875","ENSG00000187720"
"NUDT4","11163","ENSG00000173598"
"NDUFV1","4723","ENSG00000167792"
"PIGT","51604","ENSG00000124155"
"SELENOW","6415","ENSG00000178980"
"NORAD","647979","ENSG00000260032"
"ATP5PB","515","ENSG00000116459"
"MARCHF6","10299","ENSG00000145495"
"ZBTB20","26137","ENSG00000181722"
"NECAB3","63941","ENSG00000125967"
"SARAF","51669","ENSG00000133872"
"TRMT112","51504","ENSG00000173113"
"ECI1","1632","ENSG00000167969"
"COA3","28958","ENSG00000183978"
"TP53TG1","11257","ENSG00000182165"
"APRT","353","ENSG00000198931"
"NENF","29937","ENSG00000117691"
"ING2","3622","ENSG00000168556"
"ZCRB1","85437","ENSG00000139168"
"MED13L","23389","ENSG00000123066"
"NDUFAF8","284184","ENSG00000224877"
"TMEM9B","56674","ENSG00000175348"
"DHRS7","51635","ENSG00000100612"
"MRPS24","64951","ENSG00000062582"
"SHARPIN","81858","ENSG00000179526"
"H2AC6","8334","ENSG00000180573"
"IDH1","3417","ENSG00000138413"
"ISOC2","79763","ENSG00000063241"
"SIAH2","6478","ENSG00000181788"
"CALM3","808","ENSG00000160014"
"SAC3D1","29901","ENSG00000168061"
"DDT","1652","ENSG00000099977"
"COX7A2L","9167","ENSG00000115944"
"MZT2A","653784","ENSG00000173272"
"MRPS34","65993","ENSG00000074071"
"MTSS1","9788","ENSG00000170873"
"NDUFA6","4700","ENSG00000184983"
"TESMIN","9633","ENSG00000132749"
"SDHB","6390","ENSG00000117118"
"YIPF3","25844","ENSG00000137207"
"CISD3","284106","ENSG00000277972"
"COA1","55744","ENSG00000106603"
"SPOP","8405","ENSG00000121067"
"TOB1","10140","ENSG00000141232"
"ZDHHC24","254359","ENSG00000174165"
"DUT","1854","ENSG00000128951"
"CORO1B","57175","ENSG00000172725"
"PMVK","10654","ENSG00000163344"
"PPP1CA","5499","ENSG00000172531"
"COMTD1","118881","ENSG00000165644"
"TRAPPC6A","79090","ENSG00000007255"
"MRPL57","78988","ENSG00000173141"
"C11orf58","10944","ENSG00000110696"
"PTOV1","53635","ENSG00000104960"
"CTSH","1512","ENSG00000103811"
"SPDEF","25803","ENSG00000124664"
"TECR","9524","ENSG00000099797"
"DDRGK1","65992","ENSG00000198171"
"TMEM141","85014","ENSG00000244187"
"EIF2AK1","27102","ENSG00000086232"
"SEZ6L2","26470","ENSG00000174938"
"YIF1A","10897","ENSG00000174851"
"CRNDE","643911","ENSG00000245694"
"FOSB","2354","ENSG00000125740"
"PCBD1","5092","ENSG00000166228"
"MTARC2","54996","ENSG00000117791"
"ARF3","377","ENSG00000134287"
"TERF2IP","54386","ENSG00000166848"
"YIPF6","286451","ENSG00000181704"
"SUPT4H1","6827","ENSG00000213246"
"ABHD12","26090","ENSG00000100997"
"SDF2L1","23753","ENSG00000128228"
"BLVRA","644","ENSG00000106605"
"GAMT","2593","ENSG00000130005"
"NDUFB1","4707","ENSG00000183648"
"GADD45GIP1","90480","ENSG00000179271"
"COPRS","55352","ENSG00000172301"
"ST13","6767","ENSG00000100380"
"NDUFB8","4714","ENSG00000166136"
"MRPL21","219927","ENSG00000197345"
"FAM120AOS","158293","ENSG00000188938"
"PTPMT1","114971","ENSG00000110536"
"CLPTM1","1209","ENSG00000104853"
"BCAM","4059","ENSG00000187244"
"LAMP2","3920","ENSG00000005893"
"TAF15","8148","ENSG00000270647"
"TJP3","27134","ENSG00000105289"
"TLE5","166","ENSG00000104964"
"TOMM22","56993","ENSG00000100216"
"BTG2","7832","ENSG00000159388"
"CNPY3","10695","ENSG00000137161"
"MRPL24","79590","ENSG00000143314"
"BAG3","9531","ENSG00000151929"
"CDS2","8760","ENSG00000101290"
"ERLEC1","27248","ENSG00000068912"
"DMAC1","90871","ENSG00000137038"
"RPN2","6185","ENSG00000118705"
"MICOS13","125988","ENSG00000174917"
"SERINC3","10955","ENSG00000132824"
"MDH1","4190","ENSG00000014641"
"MLF2","8079","ENSG00000089693"
"PTGES3","10728","ENSG00000110958"
"TSC22D3","1831","ENSG00000157514"
"ZMAT2","153527","ENSG00000146007"
"C15orf61","145853","ENSG00000189227"
"RABAC1","10567","ENSG00000105404"
"NDUFB6","4712","ENSG00000165264"
"PNKD","25953","ENSG00000127838"
"POLD4","57804","ENSG00000175482"
"TCEAL3","85012","ENSG00000196507"
"STMN1","3925","ENSG00000117632"
"PRR15L","79170","ENSG00000167183"
"FDPS","2224","ENSG00000160752"
"GTF3A","2971","ENSG00000122034"
"LSM4","25804","ENSG00000130520"
"SLC35B1","10237","ENSG00000121073"
"PPCS","79717","ENSG00000127125"
"FSIP1","161835","ENSG00000150667"
"EPHX1","2052","ENSG00000143819"
"DCXR","51181","ENSG00000169738"
"METRN","79006","ENSG00000103260"
"CDH1","999","ENSG00000039068"
"HSD17B10","3028","ENSG00000072506"
"GHITM","27069","ENSG00000165678"
"ABHD2","11057","ENSG00000140526"
"POLDIP2","26073","ENSG00000004142"
"ATXN10","25814","ENSG00000130638"
"NDUFS7","374291","ENSG00000115286"
"SQLE","6713","ENSG00000104549"
"ANAPC16","119504","ENSG00000166295"
"GNG10","2790","ENSG00000242616"
"AKAP1","8165","ENSG00000121057"
"CHCHD5","84269","ENSG00000125611"
"OS9","10956","ENSG00000135506"
"MAP4K3-DT","728730","ENSG00000231312"
"SRPRB","58477","ENSG00000144867"
"HMGCS1","3157","ENSG00000112972"
"RNF187","149603","ENSG00000168159"
"IRX3","79191","ENSG00000177508"
"NINJ1","4814","ENSG00000131669"
"BAD","572","ENSG00000002330"
"MRPL36","64979","ENSG00000171421"
"PIN1","5300","ENSG00000127445"
"HAGH","3029","ENSG00000063854"
"SERTAD3","29946","ENSG00000167565"
"UQCC3","790955","ENSG00000204922"
"RNASEH2C","84153","ENSG00000172922"
"SIGIRR","59307","ENSG00000185187"
"RBM47","54502","ENSG00000163694"
"POLR2F","5435","ENSG00000100142"
"UHMK1","127933","ENSG00000152332"
"ECH1","1891","ENSG00000104823"
"BLVRB","645","ENSG00000090013"
"JOSD2","126119","ENSG00000161677"
"CACYBP","27101","ENSG00000116161"
"SAYSD1","55776","ENSG00000112167"
"SELENOS","55829","ENSG00000131871"
"PLD3","23646","ENSG00000105223"
"GRAMD1A","57655","ENSG00000089351"
"POLE4","56655","ENSG00000115350"
"CXXC5","51523","ENSG00000171604"
"MRPS18B","28973","ENSG00000204568"
"TRPS1","7227","ENSG00000104447"
"EMC10","284361","ENSG00000161671"
"NFU1","27247","ENSG00000169599"
"CMC1","152100","ENSG00000187118"
"FAM174A","345757","ENSG00000174132"
"PGP","283871","ENSG00000184207"
"ARL3","403","ENSG00000138175"
"MTCH1","23787","ENSG00000137409"
"MACROD1","28992","ENSG00000133315"
"NDUFA10","4705","ENSG00000130414"
"SRSF6","6431","ENSG00000124193"
"RAB17","64284","ENSG00000124839"
"TMEM208","29100","ENSG00000168701"
"MEA1","4201","ENSG00000124733"
"BSCL2","26580","ENSG00000168000"
"ZBED5-AS1","729013","ENSG00000247271"
"FLYWCH2","114984","ENSG00000162076"
"HDDC2","51020","ENSG00000111906"
"SPR","6697","ENSG00000116096"
"FLOT1","10211","ENSG00000137312"
"LLGL2","3993","ENSG00000073350"
"MRPS14","63931","ENSG00000120333"
"RNF13","11342","ENSG00000082996"
"SKAP1","8631","ENSG00000141293"
"ACOT13","55856","ENSG00000112304"
"LRPAP1","4043","ENSG00000163956"
"GRN","2896","ENSG00000030582"
"BEX4","56271","ENSG00000102409"
"HTATIP2","10553","ENSG00000109854"
"SRSF1","6426","ENSG00000136450"
"FAM110A","83541","ENSG00000125898"
"MCTS1","28985","ENSG00000232119"
"DEK","7913","ENSG00000124795"
"PPP1CC","5501","ENSG00000186298"
"DCTN3","11258","ENSG00000137100"
"ADI1","55256","ENSG00000182551"
"GPAA1","8733","ENSG00000197858"
"EBP","10682","ENSG00000147155"
"PIGX","54965","ENSG00000163964"
"RPN1","6184","ENSG00000163902"
"WBP1","23559","ENSG00000239779"
"CTSA","5476","ENSG00000064601"
"TXN2","25828","ENSG00000100348"
"ANAPC13","25847","ENSG00000129055"
"ERBB3","2065","ENSG00000065361"
"MRPL34","64981","ENSG00000130312"
"NPTN","27020","ENSG00000156642"
"CTSZ","1522","ENSG00000101160"
"TIMMDC1","51300","ENSG00000113845"
"NT5C","30833","ENSG00000125458"
"COQ4","51117","ENSG00000167113"
"ARMCX3","51566","ENSG00000102401"
"CAND1","55832","ENSG00000111530"
"NOL3","8996","ENSG00000140939"
"RPP21","79897","ENSG00000241370"
"C7orf50","84310","ENSG00000146540"
"MGMT","4255","ENSG00000170430"
"ITFG1","81533","ENSG00000129636"
"RCN2","5955","ENSG00000117906"
"CHPF","79586","ENSG00000123989"
"RAP1A","5906","ENSG00000116473"
"SEC61A1","29927","ENSG00000058262"
"SH3YL1","26751","ENSG00000035115"
"HMGN4","10473","ENSG00000182952"
"SWI5","375757","ENSG00000175854"
"SNRPN","6638","ENSG00000128739"
"CCDC85B","11007","ENSG00000175602"
"CANT1","124583","ENSG00000171302"
"BRMS1","25855","ENSG00000174744"
"ATG101","60673","ENSG00000123395"
"IFT27","11020","ENSG00000100360"
"MAGEF1","64110","ENSG00000177383"
"PIGP","51227","ENSG00000185808"
"MTX2","10651","ENSG00000128654"
"TMEM9","252839","ENSG00000116857"
"H2BC4","8347","ENSG00000180596"
"EGLN2","112398","ENSG00000269858"
"ABHD14A","25864","ENSG00000248487"
"FBP1","2203","ENSG00000165140"
"DCAF7","10238","ENSG00000136485"
"TIMM17B","10245","ENSG00000126768"
"CCDC34","91057","ENSG00000109881"
"ZNF385A","25946","ENSG00000161642"
"VDAC3","7419","ENSG00000078668"
"ARL2BP","23568","ENSG00000102931"
"GRINA","2907","ENSG00000178719"
"RBBP4","5928","ENSG00000162521"
"GPR160","26996","ENSG00000173890"
"KRR1","11103","ENSG00000111615"
"SPINT1-AS1","102724362","ENSG00000261183"
"CLTC","1213","ENSG00000141367"
"RXRA","6256","ENSG00000186350"
"RETREG2","79137","ENSG00000144567"
"MYADM","91663","ENSG00000179820"
"OTUD6B-AS1","100506365","ENSG00000253738"
"CREG1","8804","ENSG00000143162"
"METTL5","29081","ENSG00000138382"
"THNSL2","55258","ENSG00000144115"
"EXOSC5","56915","ENSG00000077348"
"ZNF830","91603","ENSG00000198783"
"NFE2L1","4779","ENSG00000082641"
"SURF1","6834","ENSG00000148290"
"RPRD1A","55197","ENSG00000141425"
"PAGR1","79447","ENSG00000280789"
"C1orf122","127687","ENSG00000197982"
"CYB5B","80777","ENSG00000103018"
"RNF5","6048","ENSG00000204308"
"MPC1","51660","ENSG00000060762"
"ATP6V1H","51606","ENSG00000047249"
"SS18L2","51188","ENSG00000008324"
"A1BG","1","ENSG00000121410"
"HEXIM1","10614","ENSG00000186834"
"ZNF24","7572","ENSG00000172466"
"CDIPT","10423","ENSG00000103502"
"POP7","10248","ENSG00000172336"
"GOSR2","9570","ENSG00000108433"
"RPA3","6119","ENSG00000106399"
"STARD7","56910","ENSG00000084090"
"AKT2","208","ENSG00000105221"
"ELAPOR1","57535","ENSG00000116299"
"PRPSAP1","5635","ENSG00000161542"
"SYS1","90196","ENSG00000204070"
"POLR2C","5432","ENSG00000102978"
"FAM120A","23196","ENSG00000048828"
"M6PR","4074","ENSG00000003056"
"TSG101","7251","ENSG00000074319"
"ERGIC1","57222","ENSG00000113719"
"CD27-AS1","678655","ENSG00000215039"
"LYPD3","27076","ENSG00000124466"
"OTUB1","55611","ENSG00000167770"
"UNC50","25972","ENSG00000115446"
"KCNK6","9424","ENSG00000099337"
"DHX30","22907","ENSG00000132153"
"CCDC91","55297","ENSG00000123106"
"ANAPC5","51433","ENSG00000089053"
"FIBP","9158","ENSG00000172500"
"TP53I11","9537","ENSG00000175274"
"ZNRD2","10534","ENSG00000173465"
"CRLS1","54675","ENSG00000088766"
"PTPN18","26469","ENSG00000072135"
"MTHFS","10588","ENSG00000136371"
"EBLN3P","100506710","ENSG00000281649"
"MPLKIP","136647","ENSG00000168303"
"FBXL15","79176","ENSG00000107872"
"SMARCA2","6595","ENSG00000080503"
"KRCC1","51315","ENSG00000172086"
"PDZD11","51248","ENSG00000120509"
"SLC22A18","5002","ENSG00000110628"
"NUCB1","4924","ENSG00000104805"
"ZNF664","144348","ENSG00000179195"
"BCAT2","587","ENSG00000105552"
"COQ7","10229","ENSG00000167186"
"MRPS36","92259","ENSG00000134056"
"ALG13","79868","ENSG00000101901"
"OIP5-AS1","729082","ENSG00000247556"
"SMUG1","23583","ENSG00000123415"
"DNASE2","1777","ENSG00000105612"
"CERS6","253782","ENSG00000172292"
"NUBP2","10101","ENSG00000095906"
"POLR3K","51728","ENSG00000161980"
"AK1","203","ENSG00000106992"
"HDDC3","374659","ENSG00000184508"
"TPGS2","25941","ENSG00000134779"
"VEZF1","7716","ENSG00000136451"
"PDHX","8050","ENSG00000110435"
"ARMT1","79624","ENSG00000146476"
"CCS","9973","ENSG00000173992"
"KIF21A","55605","ENSG00000139116"
"THAP7","80764","ENSG00000184436"
"SMIM10L1","100129361","ENSG00000256537"
"ZNF32","7580","ENSG00000169740"
"CCDC57","284001","ENSG00000176155"
"ARFGAP2","84364","ENSG00000149182"
"CPEB4","80315","ENSG00000113742"
"GET1","7485","ENSG00000182093"
"NDUFS1","4719","ENSG00000023228"
"MMAB","326625","ENSG00000139428"
"CRELD2","79174","ENSG00000184164"
"SLC39A3","29985","ENSG00000141873"
"TRUB2","26995","ENSG00000167112"
"DST","667","ENSG00000151914"
"STIP1","10963","ENSG00000168439"
"HK1","3098","ENSG00000156515"
"KCNQ1OT1","10984","ENSG00000269821"
"MSI2","124540","ENSG00000153944"
"ERG28","11161","ENSG00000133935"
"CDK4","1019","ENSG00000135446"
"DCTN1","1639","ENSG00000204843"
"PARL","55486","ENSG00000175193"
"COPG1","22820","ENSG00000181789"
"SECISBP2","79048","ENSG00000187742"
"GSTO2","119391","ENSG00000065621"
"TSR3","115939","ENSG00000007520"
"ETHE1","23474","ENSG00000105755"
"IARS2","55699","ENSG00000067704"
"ENDOV","284131","ENSG00000173818"
"ACY1","95","ENSG00000243989"
"EBAG9","9166","ENSG00000147654"
"MTUS1","57509","ENSG00000129422"
"OGFR","11054","ENSG00000060491"
"LINC00472","79940","ENSG00000233237"
"MRPL35","51318","ENSG00000132313"
"C15orf40","123207","ENSG00000169609"
"GFPT1","2673","ENSG00000198380"
"PSME3IP1","80011","ENSG00000172775"
"TLE3","7090","ENSG00000140332"
"ETFRF1","144363","ENSG00000205707"
"CCZ1","51622","ENSG00000122674"
"TMED7","51014","ENSG00000134970"
"FBXL5","26234","ENSG00000118564"
"DHRS4L2","317749","ENSG00000187630"
"GPS1","2873","ENSG00000169727"
"ZFX","7543","ENSG00000005889"
"OXLD1","339229","ENSG00000204237"
"BAIAP2","10458","ENSG00000175866"
"ZNF467","168544","ENSG00000181444"
"BRI3","25798","ENSG00000164713"
"HNRNPL","3191","ENSG00000104824"
"AKT1S1","84335","ENSG00000204673"
"B3GAT3","26229","ENSG00000149541"
"NIPSNAP1","8508","ENSG00000184117"
"KAT6B","23522","ENSG00000156650"
"SYNE4","163183","ENSG00000181392"
"PTGES2","80142","ENSG00000148334"
"CRELD1","78987","ENSG00000163703"
"HADHB","3032","ENSG00000138029"
"GPATCH2","55105","ENSG00000092978"
"TM2D3","80213","ENSG00000184277"
"COPS7A","50813","ENSG00000111652"
"RMND1","55005","ENSG00000155906"
"NKAP","79576","ENSG00000101882"
"HTATSF1","27336","ENSG00000102241"
"ZDHHC4","55146","ENSG00000136247"
"TPGS1","91978","ENSG00000141933"
"HRAS","3265","ENSG00000174775"
"HSBP1L1","440498","ENSG00000226742"
"H2BC15","8341","ENSG00000233822"
"AHCY","191","ENSG00000101444"
"PIGF","5281","ENSG00000151665"
"PCNA","5111","ENSG00000132646"
"HAGHL","84264","ENSG00000103253"
"TMEM223","79064","ENSG00000168569"
"FAM200B","285550","ENSG00000237765"
"CYP51A1","1595","ENSG00000001630"
"FUNDC1","139341","ENSG00000069509"
"KEAP1","9817","ENSG00000079999"
"TTC14","151613","ENSG00000163728"
"OARD1","221443","ENSG00000124596"
"FAM210B","116151","ENSG00000124098"
"XAB2","56949","ENSG00000076924"
"FBXO21","23014","ENSG00000135108"
"NCBP2AS2","152217","ENSG00000270170"
"CDS1","1040","ENSG00000163624"
"TAOK3","51347","ENSG00000135090"
"IMMP1L","196294","ENSG00000148950"
"SYNJ2BP","55333","ENSG00000213463"
"FGD5-AS1","100505641","ENSG00000225733"
"GATAD1","57798","ENSG00000157259"
"GNPAT","8443","ENSG00000116906"
"MALSU1","115416","ENSG00000156928"
"TMX1","81542","ENSG00000139921"
"C22orf39","128977","ENSG00000242259"
