gene,folds_selected,ML_recurrence_group
AMZ2,3,3_of_3
AREG,3,3_of_3
ATP5PD,3,3_of_3
ATP6AP1,3,3_of_3
BEX3,3,3_of_3
C1orf21,3,3_of_3
C20orf27,3,3_of_3
CHAD,3,3_of_3
CKS2,3,3_of_3
CLDN3,3,3_of_3
CNN3,3,3_of_3
COX4I1,3,3_of_3
COX6A1,3,3_of_3
COX6B1,3,3_of_3
COX7A2,3,3_of_3
CYTOR,3,3_of_3
DBI,3,3_of_3
DGCR6L,3,3_of_3
DNPH1,3,3_of_3
DYNLRB1,3,3_of_3
FKBP4,3,3_of_3
FXYD3,3,3_of_3
GABARAPL2,3,3_of_3
GASK1B,3,3_of_3
GATA3,3,3_of_3
GPX1,3,3_of_3
H1-2,3,3_of_3
H2AJ,3,3_of_3
HERPUD1,3,3_of_3
HPN,3,3_of_3
HSBP1,3,3_of_3
HSP90AB1,3,3_of_3
HSPA1A,3,3_of_3
HSPD1,3,3_of_3
HSPE1,3,3_of_3
KCNJ3,3,3_of_3
KRT15,3,3_of_3
MPC2,3,3_of_3
MT-CO1,3,3_of_3
MT-CO2,3,3_of_3
MZT2B,3,3_of_3
NDUFA4,3,3_of_3
NDUFAB1,3,3_of_3
NR2F6,3,3_of_3
NUCB2,3,3_of_3
P4HTM,3,3_of_3
PEBP1,3,3_of_3
PIP,3,3_of_3
PPDPF,3,3_of_3
PRDX5,3,3_of_3
PVALB,3,3_of_3
PXMP2,3,3_of_3
RETREG1,3,3_of_3
RPL11,3,3_of_3
RPL26,3,3_of_3
RPL34,3,3_of_3
RPS25,3,3_of_3
RPS3,3,3_of_3
S100A10,3,3_of_3
S100A14,3,3_of_3
SAT1,3,3_of_3
SELENOP,3,3_of_3
SLC9A3R1,3,3_of_3
SNHG25,3,3_of_3
SOD1,3,3_of_3
STARD10,3,3_of_3
TBC1D9,3,3_of_3
TCIM,3,3_of_3
TIMP3,3,3_of_3
TM7SF2,3,3_of_3
TMEM160,3,3_of_3
TMEM230,3,3_of_3
TMSB4X,3,3_of_3
UBE2E3,3,3_of_3
ABHD12B,2,2_of_3
AC008555.4,2,2_of_3
ACO2,2,2_of_3
ACSF2,2,2_of_3
ACSS1,2,2_of_3
ACTG1,2,2_of_3
AFP,2,2_of_3
AGPAT1,2,2_of_3
AGTR1,2,2_of_3
AHCYL1,2,2_of_3
AL035661.1,2,2_of_3
ALB,2,2_of_3
ANAPC11,2,2_of_3
ANGPTL4,2,2_of_3
ANKRD26,2,2_of_3
ANKRD30A,2,2_of_3
ANXA9,2,2_of_3
APLP1,2,2_of_3
APOC1,2,2_of_3
APOE,2,2_of_3
APTR,2,2_of_3
AQP4,2,2_of_3
ARL6IP4,2,2_of_3
ASB9,2,2_of_3
ATP1A2,2,2_of_3
ATP5F1E,2,2_of_3
ATP5MC1,2,2_of_3
ATP5MC3,2,2_of_3
ATP5PB,2,2_of_3
ATP6AP2,2,2_of_3
ATXN10,2,2_of_3
AUTS2,2,2_of_3
BANF1,2,2_of_3
BASP1,2,2_of_3
BCAS1,2,2_of_3
BLCAP,2,2_of_3
BPTF,2,2_of_3
C18orf32,2,2_of_3
C1QTNF12,2,2_of_3
C1orf43,2,2_of_3
C20orf204,2,2_of_3
C7,2,2_of_3
C8orf82,2,2_of_3
CA14,2,2_of_3
CADM2,2,2_of_3
CAMK2N1,2,2_of_3
CANX,2,2_of_3
CAPG,2,2_of_3
CCDC167,2,2_of_3
CD163L1,2,2_of_3
CD59,2,2_of_3
CD9,2,2_of_3
CDH7,2,2_of_3
CEACAM6,2,2_of_3
CELF3,2,2_of_3
CGA,2,2_of_3
CHCHD10,2,2_of_3
CHST1,2,2_of_3
CISD3,2,2_of_3
CKB,2,2_of_3
CKMT1A,2,2_of_3
CLEC3A,2,2_of_3
CLSTN2,2,2_of_3
CLU,2,2_of_3
CMBL,2,2_of_3
CMTM6,2,2_of_3
CNTNAP4,2,2_of_3
COLEC12,2,2_of_3
COPRS,2,2_of_3
COPS9,2,2_of_3
CORO1B,2,2_of_3
COX14,2,2_of_3
COX17,2,2_of_3
CP,2,2_of_3
CPE,2,2_of_3
CRTAC1,2,2_of_3
CSAD,2,2_of_3
CSAG1,2,2_of_3
CST2,2,2_of_3
CST3,2,2_of_3
CST5,2,2_of_3
CST9,2,2_of_3
CTSF,2,2_of_3
CTSH,2,2_of_3
CXCL17,2,2_of_3
CYP4B1,2,2_of_3
DACH1,2,2_of_3
DCAF6,2,2_of_3
DDX5,2,2_of_3
DHRS2,2,2_of_3
DHRS7,2,2_of_3
DIO1,2,2_of_3
DNAJA4,2,2_of_3
DNAJC12,2,2_of_3
DOCK10,2,2_of_3
DUSP15,2,2_of_3
DUT,2,2_of_3
DYNLL1,2,2_of_3
DYNLL2,2,2_of_3
ECI1,2,2_of_3
ECPAS,2,2_of_3
ELOVL2,2,2_of_3
EML2,2,2_of_3
ENPP4,2,2_of_3
ENPP5,2,2_of_3
EPHX4,2,2_of_3
ESRRG,2,2_of_3
FAM117A,2,2_of_3
FAM120AOS,2,2_of_3
FAM3B,2,2_of_3
FBXL7,2,2_of_3
FGF12,2,2_of_3
FGF2,2,2_of_3
FHL2,2,2_of_3
FOLR1,2,2_of_3
FOXA1,2,2_of_3
FOXD3-AS1,2,2_of_3
GADD45G,2,2_of_3
GALC,2,2_of_3
GALNT1,2,2_of_3
GCSH,2,2_of_3
GGA2,2,2_of_3
GLCE,2,2_of_3
GLRX5,2,2_of_3
GPER1,2,2_of_3
GPR27,2,2_of_3
GRIA2,2,2_of_3
GRIA3,2,2_of_3
GTF2I,2,2_of_3
H2BC21,2,2_of_3
H2BC5,2,2_of_3
HACD3,2,2_of_3
HAPLN2,2,2_of_3
HAUS1,2,2_of_3
HDAC9,2,2_of_3
HDC,2,2_of_3
HEBP1,2,2_of_3
HELLPAR,2,2_of_3
HINT2,2,2_of_3
HOPX,2,2_of_3
HOXB2,2,2_of_3
HOXB5,2,2_of_3
HOXB8,2,2_of_3
HSD17B14,2,2_of_3
IDH3A,2,2_of_3
IDNK,2,2_of_3
IGF1R,2,2_of_3
IGFBP4,2,2_of_3
IGFBP6,2,2_of_3
IGHG4,2,2_of_3
IGSF21,2,2_of_3
IGSF9,2,2_of_3
IL32,2,2_of_3
ING2,2,2_of_3
IRF2BPL,2,2_of_3
ISOC1,2,2_of_3
ISOC2,2,2_of_3
ITM2B,2,2_of_3
ITPK1,2,2_of_3
KCNC2,2,2_of_3
KIF12,2,2_of_3
KLHL5,2,2_of_3
KRT222,2,2_of_3
KRT7,2,2_of_3
LAMB3,2,2_of_3
LASP1,2,2_of_3
LDOC1,2,2_of_3
LERFS,2,2_of_3
LINC00173,2,2_of_3
LINGO1,2,2_of_3
LRATD1,2,2_of_3
LRP1B,2,2_of_3
LRRC24,2,2_of_3
LRRC4C,2,2_of_3
LRTM1,2,2_of_3
LY6G6C,2,2_of_3
LY6K,2,2_of_3
MAFB,2,2_of_3
MAGEA12,2,2_of_3
MAGED2,2,2_of_3
MAGI2,2,2_of_3
MARCHF6,2,2_of_3
MAST4,2,2_of_3
MDH1,2,2_of_3
MDK,2,2_of_3
MEA1,2,2_of_3
METRN,2,2_of_3
MLLT11,2,2_of_3
MORF4L2,2,2_of_3
MRFAP1,2,2_of_3
MRFAP1L1,2,2_of_3
MRPL21,2,2_of_3
MT-ATP6,2,2_of_3
MT1G,2,2_of_3
MT1M,2,2_of_3
MYBL2,2,2_of_3
MYO3B,2,2_of_3
MZT2A,2,2_of_3
NDRG2,2,2_of_3
NDUFAF3,2,2_of_3
NDUFAF8,2,2_of_3
NEAT1,2,2_of_3
NECAB1,2,2_of_3
NECAB3,2,2_of_3
NEFH,2,2_of_3
NELL2,2,2_of_3
NENF,2,2_of_3
NFASC,2,2_of_3
NFATC4,2,2_of_3
NFIX,2,2_of_3
NFKBIZ,2,2_of_3
NKD2,2,2_of_3
NME2,2,2_of_3
NORAD,2,2_of_3
NQO1,2,2_of_3
NRIP3,2,2_of_3
NRXN3,2,2_of_3
NXPH3,2,2_of_3
OCEL1,2,2_of_3
OLFML3,2,2_of_3
PAFAH1B3,2,2_of_3
PAQR5,2,2_of_3
PART1,2,2_of_3
PBX1,2,2_of_3
PCLO,2,2_of_3
PCMTD1,2,2_of_3
PCMTD2,2,2_of_3
PDE4DIP,2,2_of_3
PDGFD,2,2_of_3
PDRG1,2,2_of_3
PDZK1,2,2_of_3
PDZK1IP1,2,2_of_3
PHF14,2,2_of_3
PHPT1,2,2_of_3
PIK3R1,2,2_of_3
PITX1,2,2_of_3
PLAAT3,2,2_of_3
PLBD1,2,2_of_3
PLCXD3,2,2_of_3
PNPLA4,2,2_of_3
POLR2L,2,2_of_3
PPP1CA,2,2_of_3
PPP1R14D,2,2_of_3
PPP1R3C,2,2_of_3
PRDX2,2,2_of_3
PRKAR1A,2,2_of_3
PRLR,2,2_of_3
PSIP1,2,2_of_3
PTGER3,2,2_of_3
PTHLH,2,2_of_3
PTMS,2,2_of_3
PYGL,2,2_of_3
RAB32,2,2_of_3
RBBP7,2,2_of_3
RBM24,2,2_of_3
RBP1,2,2_of_3
RBP5,2,2_of_3
RBP7,2,2_of_3
RERG,2,2_of_3
RGS16,2,2_of_3
RHBDD2,2,2_of_3
RNF139,2,2_of_3
RPL36,2,2_of_3
RPL36A,2,2_of_3
RPS29,2,2_of_3
RSBN1L,2,2_of_3
RTBDN,2,2_of_3
RTN2,2,2_of_3
RTN3,2,2_of_3
RUNDC3A,2,2_of_3
RUNX1,2,2_of_3
RWDD4,2,2_of_3
S100A11,2,2_of_3
S100A16,2,2_of_3
S100G,2,2_of_3
SAC3D1,2,2_of_3
SCD,2,2_of_3
SCRT1,2,2_of_3
SDHB,2,2_of_3
SEC11C,2,2_of_3
SELENOW,2,2_of_3
SEPTIN8,2,2_of_3
SERPINA5,2,2_of_3
SERPINI1,2,2_of_3
SGPP2,2,2_of_3
SH3BGRL3,2,2_of_3
SH3KBP1,2,2_of_3
SIX2,2,2_of_3
SKIL,2,2_of_3
SLC27A2,2,2_of_3
SLC2A10,2,2_of_3
SLC35B1,2,2_of_3
SLC39A6,2,2_of_3
SNHG8,2,2_of_3
SNX10,2,2_of_3
SOWAHA,2,2_of_3
SPARC,2,2_of_3
SPATA20,2,2_of_3
SPATA5,2,2_of_3
SPCS1,2,2_of_3
SPDYC,2,2_of_3
SPESP1,2,2_of_3
SRI,2,2_of_3
ST6GALNAC5,2,2_of_3
STAU2,2,2_of_3
STC1,2,2_of_3
STMN1,2,2_of_3
STRBP,2,2_of_3
SUMO2,2,2_of_3
SUSD3,2,2_of_3
SYAP1,2,2_of_3
SYT13,2,2_of_3
TAF1D,2,2_of_3
TCEAL1,2,2_of_3
TCTA,2,2_of_3
TESMIN,2,2_of_3
TEX264,2,2_of_3
THSD4,2,2_of_3
TIMP4,2,2_of_3
TMED2,2,2_of_3
TMEM108,2,2_of_3
TMEM134,2,2_of_3
TMEM145,2,2_of_3
TMEM14A,2,2_of_3
TMEM14B,2,2_of_3
TMEM150C,2,2_of_3
TMEM213,2,2_of_3
TMEM265,2,2_of_3
TMEM64,2,2_of_3
TMEM92,2,2_of_3
TNFRSF12A,2,2_of_3
TNNT1,2,2_of_3
TOMM6,2,2_of_3
TP53TG1,2,2_of_3
TPD52L1,2,2_of_3
TRH,2,2_of_3
TRMT112,2,2_of_3
TRUB1,2,2_of_3
TSPAN13,2,2_of_3
TXNIP,2,2_of_3
TYRP1,2,2_of_3
USP32,2,2_of_3
VAMP8,2,2_of_3
VAV3,2,2_of_3
VTN,2,2_of_3
VWA1,2,2_of_3
WASF2,2,2_of_3
WASHC3,2,2_of_3
WDR72,2,2_of_3
WWOX,2,2_of_3
YBX3,2,2_of_3
YIF1A,2,2_of_3
YIPF3,2,2_of_3
YWHAQ,2,2_of_3
ZBTB20,2,2_of_3
ZNF385D,2,2_of_3
ABHD12,1,1_of_3
ABHD14B,1,1_of_3
ABHD2,1,1_of_3
AC008268.1,1,1_of_3
AC061961.1,1,1_of_3
AC110619.1,1,1_of_3
ACADVL,1,1_of_3
ACE,1,1_of_3
ACTN2,1,1_of_3
ADCY1,1,1_of_3
ADI1,1,1_of_3
ADIPOR2,1,1_of_3
ADIRF,1,1_of_3
ADM,1,1_of_3
AFTPH,1,1_of_3
AGR2,1,1_of_3
AGR3,1,1_of_3
AK4,1,1_of_3
ALDH3B2,1,1_of_3
ANGPTL1,1,1_of_3
ANK1,1,1_of_3
ANKRD11,1,1_of_3
ANXA3,1,1_of_3
AP1S2,1,1_of_3
AP2B1,1,1_of_3
AP2S1,1,1_of_3
AP3S1,1,1_of_3
APRT,1,1_of_3
ARF3,1,1_of_3
ARHGAP29,1,1_of_3
ARHGDIB,1,1_of_3
ARID5B,1,1_of_3
ARL4D,1,1_of_3
ARPC1B,1,1_of_3
ARSD,1,1_of_3
ATP1B1,1,1_of_3
ATP5F1D,1,1_of_3
ATP5MC2,1,1_of_3
ATP5MD,1,1_of_3
ATP5ME,1,1_of_3
ATP5MPL,1,1_of_3
ATP6V1G1,1,1_of_3
AZGP1,1,1_of_3
BAG3,1,1_of_3
BATF,1,1_of_3
BCAM,1,1_of_3
BEX4,1,1_of_3
BLVRA,1,1_of_3
BLVRB,1,1_of_3
BRD2,1,1_of_3
BST2,1,1_of_3
BTF3,1,1_of_3
BTG2,1,1_of_3
C11orf58,1,1_of_3
C12orf57,1,1_of_3
C15orf61,1,1_of_3
C1orf115,1,1_of_3
C3orf14,1,1_of_3
C7orf50,1,1_of_3
CA12,1,1_of_3
CALM3,1,1_of_3
CALY,1,1_of_3
CAP2,1,1_of_3
CCDC115,1,1_of_3
CCDC151,1,1_of_3
CCDC34,1,1_of_3
CCDC85B,1,1_of_3
CCN1,1,1_of_3
CCND1,1,1_of_3
CD24,1,1_of_3
CD40,1,1_of_3
CD81,1,1_of_3
CD99,1,1_of_3
CDH1,1,1_of_3
CDKN1C,1,1_of_3
CDS2,1,1_of_3
CEACAM5,1,1_of_3
CENPX,1,1_of_3
CERS2,1,1_of_3
CFB,1,1_of_3
CHI3L1,1,1_of_3
CHPF,1,1_of_3
CHST8,1,1_of_3
CITED4,1,1_of_3
CLPTM1,1,1_of_3
CLTC,1,1_of_3
CMTM8,1,1_of_3
CNPY3,1,1_of_3
COA1,1,1_of_3
COA3,1,1_of_3
COL12A1,1,1_of_3
COMT,1,1_of_3
COMTD1,1,1_of_3
COPZ2,1,1_of_3
COX6C,1,1_of_3
COX7C,1,1_of_3
CPD,1,1_of_3
CRIP1,1,1_of_3
CRNDE,1,1_of_3
CTPS2,1,1_of_3
CTSB,1,1_of_3
CTSZ,1,1_of_3
CXXC5,1,1_of_3
CYB5A,1,1_of_3
CYBA,1,1_of_3
CYP4X1,1,1_of_3
DCAF7,1,1_of_3
DCTN3,1,1_of_3
DCXR,1,1_of_3
DDIT4,1,1_of_3
DDRGK1,1,1_of_3
DDT,1,1_of_3
DDX42,1,1_of_3
DEDD2,1,1_of_3
DEGS2,1,1_of_3
DMAC1,1,1_of_3
DNAJA1,1,1_of_3
DNAJB1,1,1_of_3
DNAJC3,1,1_of_3
DRAP1,1,1_of_3
DSP,1,1_of_3
DUBR,1,1_of_3
DUSP4,1,1_of_3
EGFL7,1,1_of_3
EGR1,1,1_of_3
EHF,1,1_of_3
EIF1AX,1,1_of_3
EIF2AK1,1,1_of_3
EIF3K,1,1_of_3
EIF4A1,1,1_of_3
ELP5,1,1_of_3
EMC10,1,1_of_3
EMID1,1,1_of_3
ENO1,1,1_of_3
EPHX1,1,1_of_3
ERBB3,1,1_of_3
ERGIC1,1,1_of_3
ERLEC1,1,1_of_3
ERP29,1,1_of_3
EXOSC3,1,1_of_3
FAM102A,1,1_of_3
FAM162A,1,1_of_3
FAM89B,1,1_of_3
FBLN1,1,1_of_3
FBP1,1,1_of_3
FCRLB,1,1_of_3
FGFR1,1,1_of_3
FLYWCH2,1,1_of_3
FOSB,1,1_of_3
FRMD3,1,1_of_3
FSIP1,1,1_of_3
FSTL3,1,1_of_3
FXYD5,1,1_of_3
GADD45B,1,1_of_3
GADD45GIP1,1,1_of_3
GALNT6,1,1_of_3
GAMT,1,1_of_3
GAS2L1,1,1_of_3
GAS5,1,1_of_3
GATM,1,1_of_3
GHITM,1,1_of_3
GJB1,1,1_of_3
GNAS,1,1_of_3
GNG10,1,1_of_3
GNS,1,1_of_3
GOLGB1,1,1_of_3
GOLM1,1,1_of_3
GOLM2,1,1_of_3
GOT2,1,1_of_3
GPAA1,1,1_of_3
GPRC5C,1,1_of_3
GPRIN3,1,1_of_3
GPX4,1,1_of_3
GREB1,1,1_of_3
GRN,1,1_of_3
GSTM3,1,1_of_3
GSTP1,1,1_of_3
GTF3A,1,1_of_3
H2AC6,1,1_of_3
H2AW,1,1_of_3
H3-3B,1,1_of_3
HAGH,1,1_of_3
HDGFL3,1,1_of_3
HDLBP,1,1_of_3
HES4,1,1_of_3
HID1,1,1_of_3
HLA-B,1,1_of_3
HLA-C,1,1_of_3
HMGA1,1,1_of_3
HMGCS1,1,1_of_3
HMGCS2,1,1_of_3
HOXB-AS3,1,1_of_3
HOXB3,1,1_of_3
HOXB6,1,1_of_3
HOXB7,1,1_of_3
HOXC10,1,1_of_3
HOXC6,1,1_of_3
HOXC8,1,1_of_3
HOXD-AS2,1,1_of_3
HOXD8,1,1_of_3
HSD17B11,1,1_of_3
HSP90AA1,1,1_of_3
HSPA8,1,1_of_3
HSPB1,1,1_of_3
HSPB8,1,1_of_3
HSPH1,1,1_of_3
IER5,1,1_of_3
IFI27,1,1_of_3
IFI27L1,1,1_of_3
IFI6,1,1_of_3
IFITM2,1,1_of_3
IRS2,1,1_of_3
IRX5,1,1_of_3
ISG20,1,1_of_3
ITGB6,1,1_of_3
JOSD2,1,1_of_3
JUND,1,1_of_3
KAZALD1,1,1_of_3
KCNK15,1,1_of_3
KCNK6,1,1_of_3
KCNQ1OT1,1,1_of_3
KCTD6,1,1_of_3
KLF2,1,1_of_3
KRT19,1,1_of_3
KRT8,1,1_of_3
LAPTM4B,1,1_of_3
LDLRAD4,1,1_of_3
LGALS12,1,1_of_3
LGALS3,1,1_of_3
LGALS3BP,1,1_of_3
LGR4,1,1_of_3
LIG3,1,1_of_3
LINC02802,1,1_of_3
LLGL2,1,1_of_3
LRP4,1,1_of_3
LRRC49,1,1_of_3
LRTM2,1,1_of_3
LY6E,1,1_of_3
MAD1L1,1,1_of_3
MAP1LC3B,1,1_of_3
MAP4K3-DT,1,1_of_3
MCF2L,1,1_of_3
MCRIP2,1,1_of_3
MCTS1,1,1_of_3
MED13L,1,1_of_3
METTL7A,1,1_of_3
MGLL,1,1_of_3
MGP,1,1_of_3
MGST1,1,1_of_3
MICOS10,1,1_of_3
MIEN1,1,1_of_3
MIF,1,1_of_3
MLF2,1,1_of_3
MRPL11,1,1_of_3
MRPL24,1,1_of_3
MRPL57,1,1_of_3
MRPS34,1,1_of_3
MSMB,1,1_of_3
MT-CO3,1,1_of_3
MT-CYB,1,1_of_3
MT-ND1,1,1_of_3
MT-ND2,1,1_of_3
MT-ND3,1,1_of_3
MT-ND4,1,1_of_3
MT-ND5,1,1_of_3
MT1F,1,1_of_3
MTARC1,1,1_of_3
MTARC2,1,1_of_3
MTSS1,1,1_of_3
MUC20,1,1_of_3
MYADM,1,1_of_3
MYL12A,1,1_of_3
MYL12B,1,1_of_3
MYLIP,1,1_of_3
MYO16,1,1_of_3
N4BP2,1,1_of_3
NAV3,1,1_of_3
NAXE,1,1_of_3
NBL1,1,1_of_3
NCOA3,1,1_of_3
NDUFA10,1,1_of_3
NDUFB1,1,1_of_3
NDUFB8,1,1_of_3
NFE2L1,1,1_of_3
NFU1,1,1_of_3
NINJ1,1,1_of_3
NME1,1,1_of_3
NME4,1,1_of_3
NMNAT3,1,1_of_3
NOL3,1,1_of_3
NPEPL1,1,1_of_3
NPM1,1,1_of_3
NR4A1,1,1_of_3
NUDT4,1,1_of_3
ORM1,1,1_of_3
OSBPL8,1,1_of_3
OVOL1,1,1_of_3
PARM1,1,1_of_3
PCP2,1,1_of_3
PDLIM1,1,1_of_3
PHB,1,1_of_3
PHLDA2,1,1_of_3
PIGP,1,1_of_3
PIGS,1,1_of_3
PIGT,1,1_of_3
PIGX,1,1_of_3
PLAAT2,1,1_of_3
PLAAT4,1,1_of_3
PLPPR3,1,1_of_3
PLXNA2,1,1_of_3
PMVK,1,1_of_3
POLD4,1,1_of_3
POLDIP2,1,1_of_3
PPCS,1,1_of_3
PPM1K,1,1_of_3
PPP1R1B,1,1_of_3
PPP2R5A,1,1_of_3
PREX1,1,1_of_3
PRXL2A,1,1_of_3
PTGES3,1,1_of_3
RAB11FIP1,1,1_of_3
RABAC1,1,1_of_3
RABEP1,1,1_of_3
RADIL,1,1_of_3
RAMP3,1,1_of_3
RASD1,1,1_of_3
RBL2,1,1_of_3
RBM47,1,1_of_3
RBX1,1,1_of_3
RCC1L,1,1_of_3
REX1BD,1,1_of_3
RGN,1,1_of_3
RGS10,1,1_of_3
RHOBTB3,1,1_of_3
RIMS1,1,1_of_3
RNASEH2C,1,1_of_3
RPL12,1,1_of_3
RPL17,1,1_of_3
RPL21,1,1_of_3
RPL22,1,1_of_3
RPL27,1,1_of_3
RPL31,1,1_of_3
RPL37,1,1_of_3
RPN2,1,1_of_3
RPS12,1,1_of_3
RPS14,1,1_of_3
RPS2,1,1_of_3
RPS27,1,1_of_3
RPS28,1,1_of_3
RPS6,1,1_of_3
RPS6KB2,1,1_of_3
RPS8,1,1_of_3
RXYLT1,1,1_of_3
S100A13,1,1_of_3
S100P,1,1_of_3
SARAF,1,1_of_3
SAYSD1,1,1_of_3
SCAND1,1,1_of_3
SCGB2A1,1,1_of_3
SCNN1A,1,1_of_3
SDF2L1,1,1_of_3
SEC61A1,1,1_of_3
SEC61G,1,1_of_3
SELENOK,1,1_of_3
SELENOM,1,1_of_3
SELENOS,1,1_of_3
SERINC2,1,1_of_3
SERINC3,1,1_of_3
SERTAD3,1,1_of_3
SEZ6L2,1,1_of_3
SFXN5,1,1_of_3
SH3BGRL,1,1_of_3
SHARPIN,1,1_of_3
SIAH2,1,1_of_3
SIGIRR,1,1_of_3
SLC16A6,1,1_of_3
SLC17A9,1,1_of_3
SLC1A5,1,1_of_3
SLC25A1,1,1_of_3
SLC25A5,1,1_of_3
SLC25A6,1,1_of_3
SLC2A4RG,1,1_of_3
SLC30A1,1,1_of_3
SLC35E3,1,1_of_3
SLC40A1,1,1_of_3
SLC49A3,1,1_of_3
SLC7A5,1,1_of_3
SLC9A3R2,1,1_of_3
SLIRP,1,1_of_3
SLPI,1,1_of_3
SMARCD2,1,1_of_3
SMCO3,1,1_of_3
SMDT1,1,1_of_3
SNF8,1,1_of_3
SNHG5,1,1_of_3
SNRPN,1,1_of_3
SPAAR,1,1_of_3
SPDEF,1,1_of_3
SPOP,1,1_of_3
SQLE,1,1_of_3
SQOR,1,1_of_3
SRARP,1,1_of_3
SREBF1,1,1_of_3
SRRM3,1,1_of_3
SRSF9,1,1_of_3
SSR3,1,1_of_3
SSR4,1,1_of_3
STK24,1,1_of_3
STMN3,1,1_of_3
STOM,1,1_of_3
SUB1,1,1_of_3
SUPT4H1,1,1_of_3
SYNGR1,1,1_of_3
SYP,1,1_of_3
SYTL5,1,1_of_3
TACO1,1,1_of_3
TACSTD2,1,1_of_3
TAPBP,1,1_of_3
TCEAL3,1,1_of_3
TCEAL4,1,1_of_3
TCTN1,1,1_of_3
TERF2IP,1,1_of_3
TFF3,1,1_of_3
TFPI2,1,1_of_3
TJP3,1,1_of_3
TLE5,1,1_of_3
TM4SF1,1,1_of_3
TMED10,1,1_of_3
TMED8,1,1_of_3
TMEM123,1,1_of_3
TMEM141,1,1_of_3
TMEM208,1,1_of_3
TMEM97,1,1_of_3
TMEM98,1,1_of_3
TMEM9B,1,1_of_3
TMX4,1,1_of_3
TNFSF10,1,1_of_3
TNNI3,1,1_of_3
TOB1,1,1_of_3
TOMM22,1,1_of_3
TPBG,1,1_of_3
TRAPPC2L,1,1_of_3
TRAPPC6A,1,1_of_3
TRIP6,1,1_of_3
TRPS1,1,1_of_3
TSHZ1,1,1_of_3
TSPAN1,1,1_of_3
TSPAN15,1,1_of_3
UBE2S,1,1_of_3
UGCG,1,1_of_3
UQCC3,1,1_of_3
UQCR11,1,1_of_3
UQCRQ,1,1_of_3
USF2,1,1_of_3
USP53,1,1_of_3
USP9X,1,1_of_3
VAMP2,1,1_of_3
VMP1,1,1_of_3
VPS51,1,1_of_3
WFDC2,1,1_of_3
WNK1,1,1_of_3
YWHAB,1,1_of_3
ZADH2,1,1_of_3
ZCRB1,1,1_of_3
ZDHHC24,1,1_of_3
ZFAND2A,1,1_of_3
ZFAS1,1,1_of_3
ZFHX3,1,1_of_3
ZFP36L1,1,1_of_3
ZMAT2,1,1_of_3
ZNF281,1,1_of_3
ZNF44,1,1_of_3
ZNF587,1,1_of_3
