gene,coefficient,test_sample
H1-2,0.1858084106232734,BC11
CHCHD10,0.1894560382635341,BC11
DBI,0.12400950579711294,BC11
SLC9A3R1,0.10389667471241347,BC11
MPC2,-0.09646277688463774,BC11
FKBP4,0.01198497678505284,BC11
PRSS23,0.044972985867702146,BC11
GLRX5,0.22527514268738003,BC11
FCGRT,0.20373618606121263,BC11
HSPA1A,0.027994740382000394,BC11
TMEM160,0.09900217104000747,BC11
NDUFAB1,0.13882376697277451,BC11
GATA3,-0.24607995751533335,BC11
ATP5MC3,-0.09429489814779105,BC11
COX7B,-0.16350211495452618,BC11
NUCB2,0.08721465119081252,BC11
HSBP1,0.04541127455977667,BC11
HSPE1,0.016400438156208334,BC11
HERPUD1,-0.08073944048276085,BC11
ATP6AP2,0.08886790777724762,BC11
ATP5F1A,-0.028299694832242376,BC11
COX8A,-0.07489187776764047,BC11
H2AJ,0.03605528699458253,BC11
TMEM230,0.15080025001823485,BC11
RETREG1,0.3076334524597222,BC11
GPX1,0.0095170932507863,BC11
ATP5PD,-0.16225637040708782,BC11
COX5B,-0.17853828975883165,BC11
NDUFB7,-0.07274116055061913,BC11
ETFB,0.29935724273967895,BC11
NDUFB10,-0.05526128437474991,BC11
COX5A,-0.17692043054712947,BC11
CST3,-0.2628189584462187,BC11
NDUFB9,-0.12625947118017739,BC11
MDH2,-0.031126164595275917,BC11
UQCR10,-0.2935412739078757,BC11
ATP5F1B,-0.10012465994007035,BC11
DCAF6,-0.04653398974426452,BC11
CYC1,0.08246325107354091,BC11
NDUFB5,0.12542680239555545,BC11
IDH2,-0.01293419118166789,BC11
PRDX2,-0.20030771068318973,BC11
CKB,0.19819547062399875,BC11
GABARAPL2,0.05387065137946894,BC11
UQCRH,-0.2417639649044788,BC11
CLU,-0.10603327546441033,BC11
EPN3,0.14183988082172638,BC11
C18orf32,-0.06740524709189925,BC11
NDUFA1,-0.1545989177177447,BC11
FXYD3,-0.16334142446900132,BC11
PEBP1,-0.14329005039078369,BC11
CLDN3,-0.039188334882424854,BC11
HSPD1,-0.08012988013368554,BC11
NDUFAF3,0.16923553430193883,BC11
NDUFB4,-0.073583273852349,BC11
COX14,-0.07841875531673088,BC11
PBX1,-0.13872875104191437,BC11
ATP5ME,-0.21696738071523997,BC11
SLC39A6,-0.07317793496282564,BC11
CKS2,0.12937726207418074,BC11
DYNLRB1,-0.07755564089300129,BC11
NDUFS6,0.020980168873259573,BC11
STARD10,-0.03542826003985209,BC11
TBC1D9,0.10188548497588903,BC11
PAFAH1B3,0.03972841268139179,BC11
ATP5MC1,-0.03979273439829538,BC11
SELENOP,0.0010315467420159638,BC11
NDUFA7,-0.11694535386464248,BC11
PRKAR1A,-0.08472619576172437,BC11
RBBP7,0.09289635198154997,BC11
SCD,0.17043704875267562,BC11
MORF4L2,-0.13820904270530257,BC11
ATP6AP1,0.11374718333520095,BC11
NDUFA12,0.059457225434306565,BC11
TOMM6,0.037998421780673565,BC11
C1orf43,-0.13372828120182498,BC11
COX17,-0.13322621559633108,BC11
BEX3,-0.06342109582810543,BC11
GTF2I,-0.006686290771088659,BC11
PRDX5,-0.11768830990538912,BC11
VAMP8,-0.18139981428964722,BC11
ACO2,0.05138150456629449,BC11
NDUFA6,-0.1487803043762087,BC11
IGFBP4,-0.05799955334330051,BC11
ERP29,-0.17155248971499282,BC11
MZT2B,-0.04464698019164838,BC11
NQO1,0.023798681316966015,BC11
HACD3,-0.1946808784023158,BC11
MRPL27,0.011354714854053649,BC11
MAGED2,-0.16991224403516994,BC11
DYNLL1,-0.09274914791240091,BC11
HINT2,-0.03696434491141938,BC11
ESR1,-0.087498951324035,BC11
NDUFS2,-0.17010326864145534,BC11
MRPS7,0.10670122568321982,BC11
TEX264,0.15689558734768072,BC11
CALR,-0.17100984877869585,BC11
CAPG,-0.03426956746105084,BC11
BANF1,0.14522879682821405,BC11
SSR3,-0.004513404913204533,BC11
ANAPC11,-0.010296237556716603,BC11
NDUFA8,0.061278548048174925,BC11
CERS2,-0.1725417685348701,BC11
NAXE,-0.001672225371610301,BC11
MRPS26,-0.07143057776555597,BC11
TMED2,0.04765022052833362,BC11
RSBN1L,-0.015087732861470632,BC11
NDUFB1,-0.1937948392453523,BC11
TM7SF2,0.17587773090963685,BC11
SNF8,0.09006298846277866,BC11
CANX,-0.008197089496592768,BC11
SRI,-0.02192075907363788,BC11
TMEM14B,0.044187122059995615,BC11
SELENOT,0.08493198869070834,BC11
ARL6IP4,-0.05626277961557175,BC11
COX7A2L,-0.1896656273485817,BC11
SNHG25,0.07504039996896714,BC11
GASK1B,0.30512242991779304,BC11
YWHAQ,-0.14227509451804052,BC11
MRPS24,-0.020598059688995703,BC11
NDUFB8,-0.20516820424019208,BC11
SMDT1,-0.07346329759644063,BC11
DNPH1,0.1128051598576586,BC11
MRPS12,0.11726971246199122,BC11
NENF,-0.1890897553375967,BC11
H2BC5,0.12440333013345925,BC11
SARAF,-0.06251220179895414,BC11
TECR,-0.1573881870320818,BC11
TSPAN13,0.04876162806173002,BC11
COPS9,-0.11979877273765377,BC11
PCBD1,-0.14548401711789313,BC11
PMVK,-0.013689326453983661,BC11
CSAD,-0.022067634839434976,BC11
APRT,-0.14071811782793398,BC11
RTN3,-0.027708776872253323,BC11
MRPL23,0.08057709094956804,BC11
CMTM6,-0.013593445265703845,BC11
NDUFS3,-0.01762613791511123,BC11
PLAAT3,0.23106138103120102,BC11
PCMTD1,0.03329056063697364,BC11
GADD45GIP1,-0.010039075516305602,BC11
MRPS34,-0.010981989246595873,BC11
TNNT1,0.3788486182370924,BC11
MRPL12,0.1976945777955881,BC11
HPN,0.15156519606087554,BC11
P4HTM,0.038856581040111984,BC11
CTSF,0.2729180340706741,BC11
GCSH,0.0837994550779225,BC11
MRPL57,-0.10735050026895902,BC11
MRPS23,-0.03440559284577861,BC11
MRFAP1,-0.277355450478797,BC11
PTMS,-0.0637846641101037,BC11
ATP5PB,-0.048543759094809465,BC11
GHITM,-0.10100952762900672,BC11
PIGT,-0.05550472237157667,BC11
PTGES3,-0.1305908496273099,BC11
TRMT112,-0.17573323849952605,BC11
TOB1,-0.1421484264036675,BC11
PHPT1,-0.10243637365660056,BC11
EGR1,0.16465658919802062,BC11
NDUFAF8,0.0008208718401497362,BC11
AHCYL1,0.030822770022079303,BC11
CALM3,0.1041329072559539,BC11
ZCRB1,-0.002899986646944296,BC11
RERG,0.14436427366304583,BC11
NDUFS7,0.03210584097012174,BC11
SCAND1,-0.06396878616284564,BC11
SEC11C,0.06318417931617971,BC11
NDUFB6,0.05001622737982073,BC11
GGA2,0.0446890107223047,BC11
COA3,0.01136028287900189,BC11
UGCG,0.03567636615877806,BC11
PXMP2,0.24375369041494568,BC11
SELENOW,-0.1916305169032541,BC11
TMEM14A,0.17808302449385371,BC11
PPP1CA,0.0637117128622523,BC11
DDRGK1,-0.08859547332904975,BC11
MRPL24,0.054252856593900445,BC11
MRPL40,0.08642922492300116,BC11
BTG2,-0.46757741502298483,BC11
MAST4,0.12250008494045075,BC11
MICOS13,-0.05593492658321389,BC11
RWDD4,0.1555226248196849,BC11
NDUFV1,0.12873866775176532,BC11
UQCC3,-0.018898355237134172,BC11
LSM4,-0.09981028502770257,BC11
H2BC21,0.039559301639989955,BC11
RPN2,-0.13055865484700677,BC11
MIEN1,-0.0870413998615531,BC11
AMZ2,0.03199133073864598,BC11
ANAPC16,-0.24063121388256453,BC11
MZT2A,-0.3246810746897496,BC11
YIF1A,0.03706346545343845,BC11
C11orf58,-0.15767858804819046,BC11
PDHB,0.12258495571243017,BC11
TRAPPC6A,0.03487727719828908,BC11
FDPS,-0.22913515246239674,BC11
DCXR,-0.06207278600779634,BC11
CMBL,0.0916713149081643,BC11
DHRS7,-0.008901463345607718,BC11
SDF2L1,0.07602375823050805,BC11
GTF3A,-0.00404294989683231,BC11
H2AC6,-0.039258095255344065,BC11
ARF3,0.013441827674498263,BC11
BLVRB,-0.14381009669719402,BC11
CRNDE,-0.1911190257227142,BC11
CYB561,-0.11227698911204365,BC11
DUT,0.07220497119223972,BC11
CHCHD5,-0.14036628910175286,BC11
ST13,-0.10665842983193582,BC11
TMEM134,0.16988676085815044,BC11
GALNT1,0.055510155624857706,BC11
TMEM9B,0.04237107550041606,BC11
FOXA1,-0.046099342560638266,BC11
RNF139,0.14295314536187273,BC11
DDT,-0.045587378304163755,BC11
TOMM22,-0.049938493800325855,BC11
COMT,-0.06564973001898877,BC11
HSD17B10,-0.13519189283586736,BC11
SELENOS,-0.31866187590253486,BC11
PPCS,-0.012911780564511834,BC11
CACYBP,0.04632883470665529,BC11
GNG10,-0.03391519735236908,BC11
POLD4,-0.12157106684599353,BC11
POLR2F,0.07594451791169461,BC11
BPTF,-0.08259156781238014,BC11
CISD3,0.032983677954597834,BC11
TMEM141,-0.013926414917370056,BC11
ECH1,-0.20892485272360678,BC11
SYAP1,0.14295268633796873,BC11
SORD,0.08881435832536393,BC11
GAMT,0.04616342606502826,BC11
GADD45G,0.30413214003316696,BC11
DGCR6L,0.07047098852900963,BC11
MCRIP2,0.0240998355793519,BC11
MARCHF6,0.04414601283226275,BC11
HEBP1,0.00034160857122119206,BC11
BLVRA,0.026439371532172684,BC11
MTCH1,-0.11061956710035079,BC11
LAMP2,-0.08344489757122302,BC11
FOSB,-0.1042728143842019,BC11
PNPLA4,0.20234030424790345,BC11
PNKD,-0.03426235929266442,BC11
MDH1,-0.06671304213714399,BC11
SHARPIN,0.09567558580579491,BC11
SDHB,0.027364194869420447,BC11
TPD52L1,0.044829160830005876,BC11
YIPF3,0.029867510359020272,BC11
RABAC1,-0.10563806597089015,BC11
MRPL36,-0.0066642812166194205,BC11
TCEAL1,0.039166992106140365,BC11
NDUFA10,-0.08152865342300582,BC11
PRLR,0.03352814099590616,BC11
PHF14,0.013738787394105246,BC11
SUPT4H1,-0.09432656935467283,BC11
PRXL2A,-0.054860466678428386,BC11
CCDC167,0.1672402942795365,BC11
BAD,0.16457808926649564,BC11
SPDEF,-0.03762442817796579,BC11
MRPS18A,0.14373556600945897,BC11
BSCL2,-0.031203932954674597,BC11
LASP1,0.05206725482529413,BC11
MRPL21,0.1703202222238748,BC11
NR2F6,0.01829286735420276,BC11
NORAD,0.03471228639170712,BC11
ERLEC1,-0.029373193084909578,BC11
ACSF2,-0.08339476725015886,BC11
EIF2AK1,0.11278877340851916,BC11
RHBDD2,0.07342559281687693,BC11
EMC10,-0.07147726946283392,BC11
TSC22D3,-0.08142545262977485,BC11
RBM47,-0.11657184069987188,BC11
SERINC3,-0.07383441598272197,BC11
LRPAP1,-0.1863369147491295,BC11
RNF187,-0.14288568481998237,BC11
CDH1,-0.12120441794446253,BC11
DYNLL2,0.08414958593548752,BC11
YIPF6,0.03432878386595221,BC11
MLF2,-0.008208242373489619,BC11
MRPS14,-0.0836826904210336,BC11
DMAC1,-0.026844075100946007,BC11
FLOT1,-0.08307796575058435,BC11
ING2,0.15453086911019828,BC11
ISOC2,0.0730677534478114,BC11
OS9,0.0125311591812855,BC11
PTOV1,-0.07349150090052252,BC11
SRSF1,-0.21752075743459817,BC11
HAGH,0.0031249854173903534,BC11
POLDIP2,0.04998336863628297,BC11
COA1,0.15230156716338264,BC11
CMC1,-0.09501187694445655,BC11
ECI1,0.11738390405185922,BC11
TP53TG1,0.008877659631374414,BC11
RPP21,-0.046860268142193025,BC11
VAV3,0.11271530016541911,BC11
UHMK1,-0.0784317489013372,BC11
DEK,0.05185783141111919,BC11
TXN2,-0.11775905969933442,BC11
ARMCX3,-0.0836784332956053,BC11
COX11,0.05188749029108571,BC11
ZDHHC24,0.01880622628178138,BC11
TCEAL3,-0.10415353616118096,BC11
ARL3,-0.06720318172168094,BC11
RCN2,-0.05459675923365878,BC11
TMEM208,-0.0012316402997548095,BC11
MCTS1,-0.012755726599571084,BC11
NUDT4,-0.03788897871908402,BC11
RNASEH2C,0.020011825482922654,BC11
POLE4,-0.1020817211377673,BC11
IRX3,-0.03542642863892425,BC11
STRBP,0.14010332686447216,BC11
IDH1,-0.03230201887153935,BC11
HTATIP2,-0.09769839423770411,BC11
MED13L,0.09037770887698315,BC11
BCAM,-0.06502937830911394,BC11
EPHX1,-0.009720155460313129,BC11
PLD3,0.03529171168913315,BC11
SIAH2,0.1446353372386322,BC11
PPP1CC,0.004444983895372937,BC11
TMEM9,-0.1583383074604036,BC11
PIN1,-0.021751293108907388,BC11
SLC35B1,-0.09356934844399875,BC11
ANAPC13,-0.005400808052913563,BC11
ERBB3,-0.13215424899079603,BC11
GRAMD1A,-0.0578007853586947,BC11
CORO1B,0.20298919856354572,BC11
SEZ6L2,-0.10202640694031666,BC11
GRINA,-0.010439819104687123,BC11
SQLE,-0.04735039253687712,BC11
C20orf27,0.09808212792652601,BC11
SRSF6,0.015221172382821835,BC11
SPOP,-0.032602857488799944,BC11
MRPL34,-0.0761810826002491,BC11
TXNIP,0.00014192676595352208,BC11
GRN,0.1802485433351933,BC11
C7orf50,0.07271941530909688,BC11
ABHD12,0.043436055819842674,BC11
EGLN2,0.03651641043979635,BC11
TAF15,0.03815696697250653,BC11
SH3YL1,-0.12077192579360237,BC11
ATG101,-0.08691844821801764,BC11
TLE5,-0.1349281265948856,BC11
PTPMT1,0.18236104677878898,BC11
NINJ1,-0.048584345440250795,BC11
MRPS18B,-0.01770262048408563,BC11
ADI1,-0.08335784407444527,BC11
TRPS1,-0.0657072218397403,BC11
ZMAT2,0.09996366073308256,BC11
METRN,0.0315320019781237,BC11
NECAB3,0.031227453198938597,BC11
TERF2IP,0.0333023921111418,BC11
METTL5,-0.0011265521266508615,BC11
SUSD3,0.4104090966162635,BC11
SRPRB,0.047484022277711035,BC11
CTSH,-0.05227703563829959,BC11
VDAC3,-0.06439261900075981,BC11
SURF1,-0.009453857550858431,BC11
OCEL1,0.1901681741116438,BC11
SEC61A1,0.06429177277476814,BC11
COQ4,-0.030199009457278866,BC11
THSD4,-0.19674545814802255,BC11
CNPY3,0.14387606520970606,BC11
DCTN3,-0.09050366003189445,BC11
RNF5,0.012991191199418415,BC11
CDS2,0.06580409789455878,BC11
PIGP,-0.057664433912684526,BC11
SNRPN,-0.11728769987091239,BC11
RPN1,-0.004227756309711015,BC11
FAM120AOS,0.09657573084701708,BC11
TIMMDC1,-0.08095261154589063,BC11
ZBTB20,0.061172400846696166,BC11
GPAA1,0.05154600017741827,BC11
RAP1A,-0.05413089483673475,BC11
TIMM17B,-0.023665461589263883,BC11
USF2,-0.02650302837315939,BC11
WBP1,-0.0975211851906636,BC11
BAG3,0.029358781352435085,BC11
CAND1,-0.03238918453446906,BC11
SPATA20,-0.002603705964233571,BC11
CTSA,0.03488831418317632,BC11
C8orf82,0.08426263790702454,BC11
TIMP3,0.28714999720981393,BC11
FBP1,-0.05943806189547185,BC11
POP7,0.005307371886657054,BC11
CTSZ,-0.08744493535840606,BC11
COPRS,0.17836096633878687,BC11
HMGCS1,-0.015670675904844115,BC11
CLTC,-0.14692311540128525,BC11
NFU1,-0.04945912629501165,BC11
MEA1,0.022256964329223295,BC11
COMTD1,0.008158901723228942,BC11
CLPTM1,0.12472680404429488,BC11
EBP,-0.05103067891875019,BC11
RNF13,0.10676138857187505,BC11
FLYWCH2,0.15689454217802154,BC11
IRF2BPL,0.10962465246699564,BC11
MGMT,0.03604639603712744,BC11
EML2,0.03428387639015341,BC11
STMN1,-0.08325209312414138,BC11
PIGX,0.03532266989200753,BC11
AL035661.1,0.10856122038686401,BC11
BRMS1,0.08347105247624728,BC11
CDK4,0.009942234548556106,BC11
SIGIRR,-0.06281518574091033,BC11
TSG101,-0.01602758529678578,BC11
CHPF,-0.0013603295653526427,BC11
SPR,0.0754283962388277,BC11
ELAPOR1,0.04639962090093909,BC11
MRPS36,0.0012662182035743097,BC11
ATXN10,-0.01814000945083652,BC11
MTX2,-0.03729062074338118,BC11
SAYSD1,0.07322193924815439,BC11
JOSD2,0.007753471894571418,BC11
FAM102A,-0.14670894440589818,BC11
FIBP,0.036381541564974085,BC11
HEXIM1,-0.047919891851869886,BC11
ATP6V1H,-0.056272247838559754,BC11
KCNK6,-0.16086641411154312,BC11
FAM120A,-0.038808650680760996,BC11
HDDC2,-0.03413304057031907,BC11
CXXC5,0.01894869272511191,BC11
IFT27,0.06337905205862093,BC11
CANT1,0.015168116998180135,BC11
SERTAD3,0.17474265074697318,BC11
FSIP1,0.10465571810152235,BC11
ERGIC1,-0.014999271505771383,BC11
RBBP4,-0.06641884677747222,BC11
CCDC85B,-0.02885909750242136,BC11
WDR61,-0.08005302538122118,BC11
PAGR1,0.019433283378396702,BC11
NUCB1,0.11238619751290306,BC11
ANAPC5,-0.03298953524938932,BC11
TCTA,-0.01309777391250699,BC11
CREG1,-0.03389031744100592,BC11
KRR1,0.06295657995902804,BC11
NOL3,0.13341185814313175,BC11
RETREG2,0.05204301371742737,BC11
S100P,0.19015281839574283,BC11
CDIPT,0.011119651375041558,BC11
TESMIN,0.11756462287351059,BC11
C1orf122,0.017696673699078135,BC11
MYADM,-0.03239213451172713,BC11
FAM174A,0.059317996976447435,BC11
PGP,0.027480804943865227,BC11
ACOT13,0.1644180286291036,BC11
NT5C,-0.039655139454136346,BC11
SPINT1-AS1,0.003794346407944644,BC11
MSI2,-0.16478359146721555,BC11
CAMK2N1,-0.012092394406456855,BC11
AKAP1,0.06198240011597613,BC11
PDZD11,0.05490628144956967,BC11
RAB17,0.12533289675574555,BC11
C15orf61,-0.01322112400449926,BC11
BRI3,-0.13208110110249574,BC11
MTARC2,0.16436915723419387,BC11
NFE2L1,-0.043282693739540974,BC11
AK1,-0.05245111211069433,BC11
ETHE1,0.01805102715485255,BC11
SYS1,0.1831251689587764,BC11
ZNF24,-0.10252467243210152,BC11
MAP4K3-DT,-0.017942185912270158,BC11
ZNF385A,-0.004486517065015643,BC11
ARL2BP,0.04417412346529204,BC11
MTHFS,0.02152021878320787,BC11
MPC1,-0.02732524725819984,BC11
STARD7,-0.05118893484911392,BC11
DCAF7,-0.06563638065018002,BC11
CRLS1,0.010812909780168805,BC11
BEX4,0.059168635659634414,BC11
CERS6,-0.015557184805537081,BC11
POLR3K,0.05481040378648671,BC11
SKIL,0.15121519832093322,BC11
ALG13,0.061481415966576296,BC11
EXOSC5,0.06386671740780701,BC11
GOSR2,0.05864430158940409,BC11
A1BG,0.10784163307050655,BC11
IARS2,-0.0843481236702122,BC11
SS18L2,-0.07489837600844756,BC11
SWI5,-0.013639569909510875,BC11
STIP1,-0.010674449204202996,BC11
M6PR,0.04056694644446141,BC11
OTUB1,-0.15861103261433557,BC11
SKAP1,0.07417360290565679,BC11
POLR2C,0.03764447590208943,BC11
LYPD3,0.02808969106217258,BC11
KIF12,0.19625515860382442,BC11
GPR160,-0.021999462162144424,BC11
ERG28,0.0603578169868733,BC11
SAC3D1,0.12787052646363575,BC11
TJP3,0.11224015786205031,BC11
HMGN4,0.04312809244084261,BC11
CCS,0.07907780103400498,BC11
HADHB,-0.20588573628339116,BC11
CRELD2,0.08046140436154073,BC11
MACROD1,0.17180706908105084,BC11
RPA3,0.06653768270583288,BC11
AKT2,-0.03716758060355372,BC11
OTUD6B-AS1,-0.051870493464540327,BC11
PRR15L,0.07005126916862618,BC11
MAGEF1,-0.10561238140074847,BC11
DHX30,-0.02714416793730016,BC11
UNC50,0.050427256317025985,BC11
GSTM3,0.11503587116180947,BC11
ETFRF1,-0.01718242313949599,BC11
CCDC91,0.06024183134982864,BC11
MTSS1,0.1546856511447368,BC11
CYHR1,-0.05867449286800168,BC11
SECISBP2,-0.0828600874127978,BC11
DST,-0.04823328126122534,BC11
ABHD2,0.038229294922158104,BC11
TMED7,0.11817373769705154,BC11
KCNC2,-0.037295591164973996,BC11
FAM110A,0.010097021436539328,BC11
LLGL2,0.007397861069448371,BC11
SLC22A18,-0.05819396107390227,BC11
CYB5B,-0.011818984334711489,BC11
MPLKIP,-0.0004715210912948478,BC11
KCNQ1OT1,-0.10433652389517911,BC11
PRPSAP1,0.006998142050710943,BC11
H2BC4,0.06848751081287677,BC11
NUBP2,0.03052132953461621,BC11
RBP1,0.2076161543531506,BC11
PARL,-0.012084744348608897,BC11
FBXL15,0.023206637714548006,BC11
ZNRD2,0.030289955924038044,BC11
BCAT2,-0.09236216557284962,BC11
GSTO2,-0.02655702448903528,BC11
EBLN3P,-0.03638987120599381,BC11
ARFGAP2,-0.12313414695217396,BC11
KRCC1,-0.1395559614580598,BC11
KAT6B,-0.23457871140538147,BC11
MMAB,0.029189617170854117,BC11
THAP7,0.032994322346973075,BC11
DNASE2,0.04326201646120997,BC11
SYNE4,-0.03538337003089948,BC11
CCDC34,-0.0645455415927782,BC11
ITFG1,-0.0016147192358634248,BC11
CPEB4,0.03308969661294221,BC11
DNAJA4,0.08305194298520602,BC11
COQ7,0.015049984573794464,BC11
RPRD1A,0.10550867753805984,BC11
TPGS2,-0.0165632952261978,BC11
ENDOV,0.00014036050474837674,BC11
OIP5-AS1,-0.025693741410532853,BC11
HK1,-0.029187869830306246,BC11
PDHX,-0.051976633096651764,BC11
EBAG9,0.03149106816023477,BC11
CCZ1,0.041166962790032374,BC11
GET1,-0.01944849386922942,BC11
AHCY,-0.09900975345827394,BC11
SMARCA2,-0.018566058566289147,BC11
ZNF830,-0.0009981492164142505,BC11
NDUFS1,-0.12153594814595445,BC11
ARMT1,-0.10248146418292745,BC11
HNRNPL,-0.03523500941561973,BC11
B3GAT3,-0.07368030456610698,BC11
ABHD14A,0.07481380284261852,BC11
CH17-340M24.3,-0.012084869874417401,BC11
GFPT1,-0.11112191008961078,BC11
RXRA,0.1252456752220329,BC11
PTGES2,0.061521715290313216,BC11
TRUB2,0.06419889443096609,BC11
SMUG1,-0.007408066248007925,BC11
HRAS,-0.024788673406970736,BC11
COPG1,-0.016559585665171534,BC11
TMEM251,-0.027714467521706636,BC11
NPTN,-0.02129606178028814,BC11
DHRS4L2,-0.06691506016154107,BC11
MAFB,0.22056794915740147,BC11
ZBED5-AS1,0.14373301895533938,BC11
TRH,0.12982014341910622,BC11
VEZF1,0.047173137374826896,BC11
SLC39A3,0.11733517295394684,BC11
NFIX,0.29675449129478393,BC11
WFDC2,0.1507991359705072,BC11
PCNA,-0.08794441002890456,BC11
IFI27,0.00531751048949977,BC11
CD27-AS1,-0.04711734519011299,BC11
SMIM10L1,-0.033258957937059276,BC11
CCDC57,-0.039339699173835216,BC11
TNFSF10,0.07921095477486322,BC11
ZDHHC4,0.037651592315064014,BC11
DNAJC12,-0.1329078076161075,BC11
IDH3A,0.11458472260332797,BC11
MTUS1,-0.004433914211922244,BC11
ZNF664,-0.13330691796422423,BC11
THNSL2,-0.022993686701684418,BC11
OXLD1,0.055526728799558576,BC11
FBXL5,-0.012599427054583815,BC11
RTN2,0.18445839342527506,BC11
TSR3,0.05006401134866656,BC11
GPATCH2,-0.11390111499071008,BC11
NKAP,0.05744395421870767,BC11
CYP51A1,-0.13250009928324236,BC11
MRPL35,0.04099877062354297,BC11
ZNF32,0.012103061795082365,BC11
TPGS1,-0.139328644120388,BC11
BAIAP2,-0.10410385110157439,BC11
NIPSNAP1,-0.021113066442273294,BC11
AKT1S1,-0.030129048850811434,BC11
HSBP1L1,-0.17295965578271466,BC11
HTATSF1,0.06820188208063664,BC11
DCTN1,-0.01816129483623207,BC11
C15orf40,-0.0031584435883575306,BC11
PIGF,0.06462183795134506,BC11
TP53I11,0.024912859714461263,BC11
PTPN18,0.04503420933646598,BC11
HOXB2,0.19225886334084333,BC11
OGFR,-0.023630126695038018,BC11
XAB2,-0.07033698983815839,BC11
TLE3,-0.0857022791964284,BC11
APTR,0.1743035456359807,BC11
PTGER3,0.09416254886266823,BC11
GNPAT,-0.04268791232331995,BC11
FAM210B,-0.031184217576009476,BC11
ABHD14B,0.15601996392646075,BC11
ACY1,-0.01815163274493746,BC11
HDDC3,0.11867942468302527,BC11
HOXB6,0.1619896700350314,BC11
GPS1,-0.0788567219589487,BC11
NFKBIZ,0.04766780364797116,BC11
TMEM223,-0.15016202152869518,BC11
FUNDC1,-0.003727903964911233,BC11
RMND1,-0.06358757189622169,BC11
TM2D3,0.022133873083814717,BC11
CDS1,-0.0025935119793784557,BC11
STC1,0.09956245284377771,BC11
FAM200B,-0.04464436686370968,BC11
MT-ND6,-0.13882620210403335,BC11
PSME3IP1,0.10754324518512692,BC11
KEAP1,-0.12034763346298286,BC11
SYNJ2BP,-0.05676142048909555,BC11
ITPK1,0.050147006178750196,BC11
COPS7A,0.05503886796540289,BC11
RXYLT1,0.1769356886043084,BC11
ARSD,0.03232439545581421,BC11
SERPINA5,0.05383160192949116,BC11
IMMP1L,-0.004037744070478135,BC11
KIF21A,-0.004356919641515128,BC11
ZFX,-0.001476444730483935,BC11
HOXB5,0.2883673503291209,BC11
ZNF467,0.02507559933704366,BC11
TSPAN1,0.06084794478942871,BC11
LY6E,-0.04901661458769269,BC11
FBXO21,-0.06752053874546776,BC11
HAGHL,-0.18324564701869095,BC11
ANXA9,0.14898587168177638,BC11
MALSU1,0.012405474089418236,BC11
PIK3R1,0.20107095352463047,BC11
NCBP2AS2,0.0025976186896679793,BC11
BLCAP,0.019546141563501956,BC11
TMX1,0.10326637865924977,BC11
MRPL11,0.1463289522681513,BC11
GLCE,0.18829299340010222,BC11
OARD1,-0.12837923077038482,BC11
IGF1R,-0.061120428303982455,BC11
H2BC15,-0.08816863076923546,BC11
LINC00472,-0.005450490541235725,BC11
LDOC1,0.08206908221689631,BC11
HOXB-AS3,0.2782228373953744,BC11
RASD1,0.05887305074160683,BC11
TTC14,-0.10221105316310254,BC11
SEPTIN8,0.13267289556825518,BC11
CRELD1,-0.1486516218059098,BC11
WASHC3,0.13090640402550688,BC11
CEACAM5,0.07388751337559132,BC11
HDGFL3,0.025323094737040325,BC11
TAOK3,-0.01549213210687593,BC11
PDE4DIP,0.058273583060189205,BC11
VPS51,0.05251747474402411,BC11
HSPH1,0.022059095176584373,BC11
DEGS2,-0.02268546350328549,BC11
CCDC151,0.03317760471062241,BC11
STAU2,0.05205432031099862,BC11
MRFAP1L1,0.055293022451686935,BC11
IER5,-0.057102042714878454,BC11
PSIP1,0.06891115544209488,BC11
TMEM98,0.15049113041142426,BC11
IFI27L1,0.1958653310523338,BC11
AUTS2,0.13743319567125287,BC11
SNX10,0.10399157451007815,BC11
ALDH3B2,0.12323131489782027,BC11
FGD5-AS1,-0.05835622846154592,BC11
PDRG1,0.04869371132006295,BC11
MYL9,0.10442821270466339,BC11
TCTN1,0.08456197586572506,BC11
AC068888.1,0.028044205537015914,BC11
C3orf14,0.071174192410587,BC11
DACH1,-0.02845275877543759,BC11
SYT1,0.01570721237280721,BC11
HSPB8,0.2839503326298515,BC11
RAMP3,0.05347207427303674,BC11
CD81,0.04067858259515296,BC11
GATAD1,-0.05580491258290282,BC11
STMN3,0.13443189069528488,BC11
LAPTM4B,-0.025666544818574017,BC11
ZNF44,-0.053680721076110965,BC11
TMX4,0.047545542088224264,BC11
CDKN1C,-0.0027970211359089163,BC11
CCDC115,0.10657997815530659,BC11
C22orf39,-0.0538998148481544,BC11
SLC2A10,0.03399353015149712,BC11
PPP2R5A,-0.18440586238449105,BC11
EXOSC3,0.10021045710540481,BC11
GAS2L1,0.08002993565376713,BC11
MT1F,0.049684475492000696,BC11
KAZALD1,0.06423582067985331,BC11
SLC49A3,0.24183335905402675,BC11
DNAJC30,0.0228426808172117,BC11
IRX5,0.05126731582532047,BC11
CPD,-0.037609067688865884,BC11
RNF14,-0.02550889661582437,BC11
IFI6,-0.17488989998828486,BC11
E4F1,0.08440651499850979,BC11
NR4A1,-0.16448136630090598,BC11
THBS1,0.11889193261792198,BC11
TACO1,0.016696387034398647,BC11
PFDN6,-0.04616139642769982,BC11
WNK1,-0.12705419576801205,BC11
DEDD2,0.10343128509692077,BC11
PREX1,0.014902537066138852,BC11
GOT2,-0.05276216668686398,BC11
DDX42,-0.06218057068756732,BC11
PIGS,-0.012814328587501977,BC11
MSMB,-0.07273459357485962,BC11
ISOC1,0.1732864127302142,BC11
RBL2,0.06633141546778544,BC11
NPEPL1,0.04520141349580493,BC11
TRPT1,0.010218558372441315,BC11
HOXB7,0.1639326352596514,BC11
SCNN1A,0.05552248768123429,BC11
SLC35E3,0.05750937811441874,BC11
ZNF587,-0.09415291387893984,BC11
CTPS2,-0.028369539482108727,BC11
MB,0.15459043065270733,BC11
FAM89B,0.16182171545700585,BC11
UBE2S,0.05319993244758485,BC11
FBLN1,0.1305989993048302,BC11
RAB1B,0.02492591977023966,BC11
NUDT9,0.056940156224284104,BC11
TXNDC15,0.0006234315667673733,BC11
ZCCHC10,0.040442970204825,BC11
CRBN,-0.04281671578574443,BC11
RING1,0.003941871415610299,BC11
SUMF1,-0.033712793911078565,BC11
MYLIP,0.17207068698915706,BC11
PCP2,0.045068491556592885,BC11
MRPL45,0.1686044492677295,BC11
KLHDC3,0.06981227678673202,BC11
INO80C,0.08073489319143466,BC11
LY6K,0.4647927749805045,BC11
ADCY1,-0.020349721024586948,BC11
JARID2,0.030231591698726207,BC11
TPP1,-0.04580694252943017,BC11
HAUS1,0.22611291491777954,BC11
TMEM54,0.015605697294833906,BC11
ADIPOR2,0.009305565130402087,BC11
PTPRA,0.017361150320757888,BC11
ZNF444,0.036168597492069646,BC11
MAGED1,-0.1858317666427499,BC11
OAZ3,0.07723929821367445,BC11
AIP,0.2031888382054647,BC11
MRS2,0.11415840051625896,BC11
SMC4,-0.0027457286680026742,BC11
SLC2A4RG,0.040935377826926196,BC11
DCAF10,-0.05845214272038205,BC11
STX16,-0.11039632605224338,BC11
ATPAF1,0.0023235215301942586,BC11
DYNC1LI2,-0.10232610410974564,BC11
NFATC4,0.3203226454750364,BC11
DHRSX,0.22954256515922652,BC11
GOLM2,-0.03097133672865301,BC11
HOXC10,0.11345907948829193,BC11
MDM2,0.05199185244279586,BC11
CMTM8,0.12538656542962504,BC11
MAGI1,-0.1797743883126149,BC11
NCOA4,0.11523867367309668,BC11
G6PC3,0.07097010720723451,BC11
ZFAND2A,0.029098062596599385,BC11
IDH3B,-0.041397976927987815,BC11
SERPINI1,0.3620344049592392,BC11
NABP2,0.04440966680992384,BC11
SLC25A1,-0.11062046527740409,BC11
AC008268.1,-0.05410028928518701,BC11
ASXL1,0.021081363809140483,BC11
GNS,0.027195458183321947,BC11
MBTPS1,0.024253549619282493,BC11
NSL1,0.14865468319644737,BC11
MAT2A,-0.06376694501327165,BC11
STYXL1,0.07205786649814092,BC11
NSD1,0.08162085123619711,BC11
SRARP,0.01996274917237546,BC11
TUG1,-0.02101922050398934,BC11
ELP5,0.08076167168795223,BC11
COG2,0.04567341493059027,BC11
RGS16,0.21065052888465047,BC11
MINDY1,0.057877754906055054,BC11
USP9X,0.06794229742779846,BC11
BATF,-0.02355139417048456,BC11
ZNF75A,-0.007855948116141513,BC11
AFTPH,-0.12816855840759778,BC11
MLST8,-0.07880517836150779,BC11
ACOT8,-0.12177309372811973,BC11
MRPL2,0.11174071877046213,BC11
TRAK1,0.024021373704354882,BC11
CEACAM6,0.26056707451192745,BC11
NSMCE4A,-0.009895214374001952,BC11
CHMP1A,-0.023252902147011874,BC11
NECAP1,0.11479262890983696,BC11
AC018521.5,0.0064754765309707404,BC11
SMARCD2,0.042067356030117124,BC11
GAA,0.004940109793853927,BC11
NFYC,0.047287279375880516,BC11
CZIB,0.056862544377595275,BC11
CFD,0.08718848960290695,BC11
IRS1,-0.04195493770335707,BC11
LMTK3,-0.018619738635043633,BC11
AMFR,0.08564230279647556,BC11
PPP1R37,0.017676265432015434,BC11
ANKRD11,-0.07467722123440844,BC11
GPRC5C,-0.02698524049300204,BC11
OLMALINC,0.03938100335144745,BC11
STK24,-0.09178194282915698,BC11
TSPYL2,-0.10608876896693423,BC11
INSIG1,-0.12874069804443197,BC11
SIRT2,0.06686273074711613,BC11
EPM2AIP1,-0.0193700972523368,BC11
NDRG3,-0.007146064218510636,BC11
MAVS,-0.09182971239980477,BC11
ZMPSTE24,-0.04326592260041241,BC11
ROGDI,0.036838660600761186,BC11
PDCD7,-0.07682386287954443,BC11
ENPP5,0.17727298506250705,BC11
SYT13,0.3125556096525246,BC11
ELOVL2,0.26381800891240215,BC11
ATP6V1A,-0.040159589856398774,BC11
ANKRD40,-0.005449340239778466,BC11
SLC27A2,0.27282724820123816,BC11
CMC4,0.00982846934449064,BC11
GEMIN8,0.1722558533711917,BC11
ZNF688,0.044225531232670534,BC11
MRPS25,-0.06640068380719116,BC11
POLR1H,-0.0024257668747591343,BC11
TBCC,0.023851450625077424,BC11
MTERF2,-0.021094931085423846,BC11
KCNK15,0.11094653764301854,BC11
ACP5,-0.024951803749466255,BC11
CDK12,0.12178412334714116,BC11
ATF7,0.029873247774670195,BC11
KDM2A,-0.07833289753180449,BC11
NCOA3,0.1304916681279666,BC11
FGF2,0.4046575862289679,BC11
TIMM10B,0.027213557191577024,BC11
GUCD1,-0.06354935791558332,BC11
PAK4,-0.005020673508002329,BC11
MOAP1,-0.0974374333659972,BC11
WWOX,0.3045181502700702,BC11
COQ9,-0.013866267837800284,BC11
PANK3,-0.0744063380950068,BC11
SLC35C2,0.13868874382794946,BC11
RITA1,0.07032407225093892,BC11
RELL1,-0.03354894043898452,BC11
RAMP2,0.008431685405414016,BC11
ALDH7A1,0.13195894529634292,BC11
HIBADH,-0.04448832540769713,BC11
SKA2,0.09114239698539726,BC11
SLC9A3R2,-0.0411742298211764,BC11
VPS26B,-0.1033110227932438,BC11
HID1,-0.1674842865027943,BC11
SDSL,0.03183004777529731,BC11
GSE1,-0.06015978603568542,BC11
SAMM50,0.054191313056481547,BC11
POR,-0.019894358916825852,BC11
DNAJA3,0.12686617514049642,BC11
MRPL15,0.09739927160185777,BC11
TAF10,0.040863517724715345,BC11
BRAF,-0.0923088181009384,BC11
CXCL17,0.3946166066770454,BC11
LTBP4,-0.06544728268561446,BC11
CLEC3A,0.15705423613056427,BC11
PCYOX1,0.00023804476239323684,BC11
CALCOCO2,-0.06216495616967055,BC11
NSF,-0.014842545720916662,BC11
MDP1,-0.09601866031544783,BC11
SLC1A5,-0.1006437096388231,BC11
PHYH,-0.10176581776629774,BC11
ZNF652,-0.16556460013265792,BC11
TMEM25,0.043813358666311385,BC11
NTN4,0.03301300879953017,BC11
NUDT16,-0.04789701653545319,BC11
UNC119,0.007895438879742835,BC11
SLC25A24,0.02569011432753579,BC11
PTPN1,-0.036507705756010006,BC11
ARMC1,0.06245950644446266,BC11
GREB1,-0.09166666252596532,BC11
RHPN1,0.03759811529661655,BC11
RPS6KB1,-0.0748722086792279,BC11
TMEM35B,0.10346321792874999,BC11
ECPAS,0.06082613652031672,BC11
GLT8D1,0.11355806110060658,BC11
SLC38A10,-0.04048034982366649,BC11
PNPO,0.04688555203633231,BC11
AC091271.1,0.04187531591711085,BC11
EPS15L1,-0.009509062876328645,BC11
SNRNP35,-0.00019754400706770104,BC11
CYP4B1,0.33903268029225475,BC11
TMEM192,-0.07593055054281324,BC11
EGFL7,-0.024989570792939092,BC11
PCMTD2,0.029210247772064518,BC11
POP4,0.04114409701324567,BC11
MFSD1,0.02429652055454302,BC11
EIF2AK2,-0.16812197939385887,BC11
C5orf15,-0.07407086507405163,BC11
YTHDF1,-0.009668230253717653,BC11
TTC17,-0.07827382302689984,BC11
VPS4A,0.010480634292064453,BC11
FUBP1,0.0947393596707115,BC11
CFAP20,0.03267672351881257,BC11
RNF135,0.02406610100688571,BC11
DNAJC10,-0.19596720621277422,BC11
PITX1,0.41553585970646806,BC11
KLHL5,0.07744734961043176,BC11
ANKRD26,-0.0003649629496705071,BC11
APOE,0.1162933221619312,BC11
MT1G,0.27072730316590343,BC11
CGA,-0.057531644633615424,BC11
USP32,-0.11578859741875273,BC11
PCCA-DT,-0.011417638856092038,BC11
DMAC2,-0.03857376010908478,BC11
IDNK,0.12497894909304531,BC11
TMEM64,-0.1049525998101649,BC11
AGPAT1,0.10435783016204499,BC11
LENG1,0.10307530240783726,BC11
LINC02802,0.1264040157362341,BC11
PDK2,0.14257726340311797,BC11
FAM3B,-0.09045778102573311,BC11
NDRG2,-0.05283161357985471,BC11
OSBPL8,-0.04165637555472685,BC11
RBP7,0.07593925351129574,BC11
DHRS2,-0.12682585014553147,BC11
SLC30A1,0.2133039801006566,BC11
RCC1L,-0.1339291830164962,BC11
VWA1,0.24724091075484572,BC11
HOPX,-0.04224567476497971,BC11
FAM234A,0.13160492950209293,BC11
MTARC1,-0.055517217485680184,BC11
PDZK1,-0.17782461399833796,BC11
RAD9A,0.1259435516870811,BC11
GOT1,0.14969353481384165,BC11
FBXO9,-0.012064299407536519,BC11
FDXR,0.008644496289421141,BC11
C20orf204,-0.20646008380234301,BC11
RIDA,0.07516672753119036,BC11
ZFHX3,-0.08350964442216466,BC11
PXMP4,0.05608666649245268,BC11
ARHGAP35,0.15073851374173652,BC11
VAMP5,0.14135651417785186,BC11
LIG3,-0.11950095885479692,BC11
ALG3,0.15594576388036854,BC11
AP1S2,0.08707797418038919,BC11
TMEM60,0.031998379076960154,BC11
C6orf89,-0.06319607440513444,BC11
SYNGR1,-0.14560357218989903,BC11
PVALB,0.5243149093189595,BC11
APPBP2,-0.10328553803720365,BC11
GCDH,0.04005514862294017,BC11
LENG8,0.10822693983481146,BC11
MYB,0.07606078637655665,BC11
TTC36,0.05416568613527739,BC11
C6orf226,-0.012560503581646823,BC11
RAD51C,0.07751058941587509,BC11
ARAF,-0.09200718478437048,BC11
PEPD,-0.07169682288701944,BC11
CHCHD6,0.14788640068286982,BC11
SULT1A1,-0.007289270177437483,BC11
KCNJ3,0.3723008702196176,BC11
KIF3B,0.14270858006417847,BC11
SLC35B2,0.05135969704306537,BC11
HSD17B8,0.06856389152645936,BC11
TXLNG,0.13772628870273296,BC11
ZNF749,-0.004663181917151645,BC11
CHAD,0.2674708160842642,BC11
ALB,0.4959474650068048,BC11
CST5,0.4630403178945419,BC11
AGTR1,0.32655889369799795,BC11
NEFH,0.3628232361685624,BC11
H1-2,-0.05129147155132238,BC12
CHCHD10,0.3004203574123173,BC12
DBI,-0.029082569058487762,BC12
SLC9A3R1,0.07558744735545024,BC12
MPC2,-0.23452198526891127,BC12
FKBP4,0.12358555627451638,BC12
PRSS23,0.032610910382269535,BC12
GLRX5,0.2076460284810462,BC12
FCGRT,0.1588322298908492,BC12
HSPA1A,-0.0375837566820106,BC12
TMEM160,0.0594617439788727,BC12
NDUFAB1,0.16462411665752105,BC12
GATA3,-0.1463611833718109,BC12
ATP5MC3,-0.05498222568586492,BC12
COX7B,-0.08236606868157835,BC12
NUCB2,-0.2192871605170791,BC12
HSBP1,0.08071790182619598,BC12
HSPE1,0.08014577812946996,BC12
HERPUD1,-0.07580222587053045,BC12
ATP6AP2,0.09066137090016028,BC12
ATP5F1A,-0.048674196051147506,BC12
COX8A,-0.05151379829805929,BC12
H2AJ,-0.23220749025576695,BC12
TMEM230,-0.0328630905437549,BC12
RETREG1,0.3210421304259744,BC12
GPX1,0.0791060382098284,BC12
ATP5PD,0.030620423658404134,BC12
COX5B,-0.23394628653777283,BC12
NDUFB7,0.06552691893722161,BC12
ETFB,0.023016517952226416,BC12
NDUFB10,-0.16458853245018557,BC12
COX5A,-0.03325544060257263,BC12
CST3,-0.4657293791555979,BC12
NDUFB9,-0.057550647862451274,BC12
MDH2,0.030410116880941303,BC12
UQCR10,-0.1311212454285231,BC12
ATP5F1B,-0.1937492013276074,BC12
DCAF6,0.08518707471431752,BC12
CYC1,-0.09791440733289786,BC12
NDUFB5,-0.011454455969535692,BC12
IDH2,-0.030063175941824425,BC12
PRDX2,-0.1652230653911198,BC12
CKB,0.16779286899384324,BC12
GABARAPL2,-0.2096570141033617,BC12
UQCRH,-0.306557825529204,BC12
CLU,-0.31307270922996416,BC12
EPN3,0.26655856418362694,BC12
C18orf32,-0.18262894066286345,BC12
NDUFA1,0.11456654135287588,BC12
FXYD3,-0.16583938137874654,BC12
PEBP1,-0.36133613062379283,BC12
CLDN3,-0.05680225036999386,BC12
HSPD1,-0.188912661847035,BC12
NDUFAF3,0.07039881727543588,BC12
NDUFB4,-0.22162729547669144,BC12
COX14,0.0960505603991141,BC12
PBX1,0.07176945763610214,BC12
ATP5ME,0.04133584428226658,BC12
SLC39A6,-0.18219281669013515,BC12
CKS2,0.12589274838788916,BC12
DYNLRB1,-0.11951332764853548,BC12
NDUFS6,0.17479998836479937,BC12
STARD10,-0.05355492965111934,BC12
TBC1D9,0.06817401729143456,BC12
PAFAH1B3,-0.11275004253802952,BC12
ATP5MC1,-0.13478410817197237,BC12
SELENOP,0.1356987408054485,BC12
NDUFA7,-0.06627953899201533,BC12
PRKAR1A,-0.006169672881563804,BC12
RBBP7,-0.05689197831093391,BC12
SCD,0.09857401100519422,BC12
MORF4L2,-0.3749549457919927,BC12
ATP6AP1,0.038943762628010054,BC12
NDUFA12,0.02116356192426625,BC12
TOMM6,-0.09091530234032208,BC12
C1orf43,-0.1971303715928092,BC12
COX17,-0.15724458803377464,BC12
BEX3,-0.23170072136460623,BC12
GTF2I,0.08495889478436723,BC12
PRDX5,-0.18711993907408603,BC12
VAMP8,-0.1376678663368609,BC12
ACO2,0.09030972446491711,BC12
NDUFA6,0.10990809583541467,BC12
IGFBP4,0.12190461132148492,BC12
ERP29,-0.021702402424643663,BC12
MZT2B,-0.013341001178997402,BC12
NQO1,-0.018189451626140225,BC12
HACD3,-0.06489147644316781,BC12
MRPL27,0.22786312562393282,BC12
MAGED2,-0.15514152402735865,BC12
DYNLL1,-0.35414170439495646,BC12
HINT2,0.13629445195195,BC12
ESR1,0.15421072887062123,BC12
NDUFS2,-0.061636116291908905,BC12
MRPS7,0.03693414873547837,BC12
TEX264,0.010797793246839741,BC12
CALR,-0.25101147349249725,BC12
CAPG,0.17789549690991197,BC12
BANF1,-0.05136984287972833,BC12
SSR3,-0.003262421893040609,BC12
ANAPC11,-0.09794304743272328,BC12
NDUFA8,0.029045117100380012,BC12
CERS2,0.06708105365395203,BC12
NAXE,-0.08251505338749819,BC12
MRPS26,0.08081885192922032,BC12
TMED2,-0.1885155810700732,BC12
RSBN1L,0.014461208991515479,BC12
NDUFB1,-0.14291434161147543,BC12
TM7SF2,0.12215966496350242,BC12
SNF8,0.1827417394928116,BC12
CANX,-0.08805202720837292,BC12
SRI,0.01464759776415742,BC12
TMEM14B,-0.12253168444934391,BC12
SELENOT,0.08304585559701634,BC12
ARL6IP4,-0.12444560018104814,BC12
COX7A2L,0.03653553376363545,BC12
SNHG25,0.10672091800274211,BC12
GASK1B,0.24765135237910496,BC12
YWHAQ,-0.13331706291810616,BC12
MRPS24,-0.004561595095483275,BC12
NDUFB8,0.06396515390177657,BC12
SMDT1,0.13308199995678718,BC12
DNPH1,0.17950589679226955,BC12
MRPS12,-0.012396264173188308,BC12
NENF,-0.30211823994519094,BC12
H2BC5,-0.02867033537165708,BC12
SARAF,-0.11383264544719751,BC12
TECR,-0.037324661809669535,BC12
TSPAN13,-0.16844987732124336,BC12
COPS9,-0.004936890759738519,BC12
PCBD1,0.047222849455032134,BC12
PMVK,0.15684650336912687,BC12
CSAD,0.018550727949012257,BC12
APRT,-0.058066928669018025,BC12
RTN3,-0.08816943624306411,BC12
MRPL23,0.0814395791442156,BC12
CMTM6,-0.07523156380809659,BC12
NDUFS3,-0.12335967731490327,BC12
PLAAT3,-0.24276169722188543,BC12
PCMTD1,-0.12635184609212785,BC12
GADD45GIP1,0.017663485616701342,BC12
MRPS34,-0.1959763482018451,BC12
TNNT1,0.20924865120493394,BC12
MRPL12,0.10847745895927843,BC12
HPN,0.14848361905166704,BC12
P4HTM,-0.035538855911265314,BC12
CTSF,0.18885868165807493,BC12
GCSH,-0.07082598784453667,BC12
MRPL57,0.001257510436923374,BC12
MRPS23,0.17120567889671837,BC12
MRFAP1,0.06984270088981115,BC12
PTMS,0.011948800713465964,BC12
ATP5PB,-0.011279017310944271,BC12
GHITM,0.11488846097152938,BC12
PIGT,0.08131556215177453,BC12
PTGES3,-0.20246014613801483,BC12
TRMT112,-0.19895091041493362,BC12
TOB1,-0.20743139354755066,BC12
PHPT1,0.012683660463982213,BC12
EGR1,0.12230442258533193,BC12
NDUFAF8,-0.11999316567343139,BC12
AHCYL1,0.10936568690591038,BC12
CALM3,-0.061958195169616044,BC12
ZCRB1,-0.07910945997939803,BC12
RERG,0.20716360952583515,BC12
NDUFS7,0.04963339937426348,BC12
SCAND1,0.1467502492202409,BC12
SEC11C,-0.05339805911464271,BC12
NDUFB6,-0.012454728850768022,BC12
GGA2,-0.0949096064578713,BC12
COA3,-0.006076747405630658,BC12
UGCG,-0.03850292347590352,BC12
PXMP2,0.145693942743871,BC12
SELENOW,-0.1873250739097955,BC12
TMEM14A,-0.030108810114381348,BC12
PPP1CA,0.030015302368101838,BC12
DDRGK1,-0.04571844225654845,BC12
MRPL24,0.00116086683377674,BC12
MRPL40,0.08452553276459175,BC12
BTG2,-0.2730292632979895,BC12
MAST4,0.1549337936432959,BC12
MICOS13,-0.042074670691847685,BC12
RWDD4,0.20950728076348735,BC12
NDUFV1,-0.09705638694929444,BC12
UQCC3,0.07742258197555456,BC12
LSM4,0.07257784013998092,BC12
H2BC21,-0.07972487889999832,BC12
RPN2,-0.23561252746742933,BC12
MIEN1,-0.22475950811386072,BC12
AMZ2,0.40504971658565503,BC12
ANAPC16,-0.11861792085084033,BC12
MZT2A,-0.16302760733668756,BC12
YIF1A,-0.1390086903624821,BC12
C11orf58,-0.26575035544144704,BC12
PDHB,0.0915897302891803,BC12
TRAPPC6A,-0.13166981010566725,BC12
FDPS,-0.05366463501146916,BC12
DCXR,-0.0751821760079042,BC12
CMBL,0.11762481274558052,BC12
DHRS7,0.1978423131307293,BC12
SDF2L1,0.08073685368860012,BC12
GTF3A,-0.02457082591657391,BC12
H2AC6,-0.2759885301198377,BC12
ARF3,-0.00480891433966826,BC12
BLVRB,-0.2879368182972497,BC12
CRNDE,-0.16265487075243634,BC12
CYB561,0.11380886488093829,BC12
DUT,-0.04432825229128097,BC12
CHCHD5,-0.0732441624134329,BC12
ST13,-0.13239604050211654,BC12
TMEM134,-0.03888041108407055,BC12
GALNT1,0.06251461767724194,BC12
TMEM9B,0.13646969143726273,BC12
FOXA1,0.204989172223982,BC12
RNF139,0.07212326213449007,BC12
DDT,0.0701726815228819,BC12
TOMM22,0.005978029950659801,BC12
COMT,0.2207302915259791,BC12
HSD17B10,0.10226296435256663,BC12
SELENOS,-0.34163586817278896,BC12
PPCS,-0.03170597485175117,BC12
CACYBP,-0.06579009472497478,BC12
GNG10,-0.038288812466887014,BC12
POLD4,-0.09295730017931364,BC12
POLR2F,0.1900050657039189,BC12
BPTF,0.13513541735889664,BC12
CISD3,-0.21543868751060352,BC12
TMEM141,-0.08435943524100253,BC12
ECH1,0.0037295993224933594,BC12
SYAP1,-0.28099665598780044,BC12
SORD,-0.03747269943022929,BC12
GAMT,0.10001321234343814,BC12
GADD45G,0.2609645095948275,BC12
DGCR6L,0.22738618426515608,BC12
MCRIP2,-0.00995625827564161,BC12
MARCHF6,0.039345959958964685,BC12
HEBP1,0.00559341692832593,BC12
BLVRA,0.09108344061094287,BC12
MTCH1,-0.17645724158029671,BC12
LAMP2,-0.10027145626177919,BC12
FOSB,-0.2037732580675993,BC12
PNPLA4,0.09361315281827799,BC12
PNKD,0.010837891641053183,BC12
MDH1,0.01893203329195604,BC12
SHARPIN,0.07013111055380812,BC12
SDHB,-0.07682229887741342,BC12
TPD52L1,0.2763451078371631,BC12
YIPF3,-0.19031623061821276,BC12
RABAC1,-0.12617403845776334,BC12
MRPL36,-0.058288643433722885,BC12
TCEAL1,-0.03450097478091,BC12
NDUFA10,0.0481180237665104,BC12
PRLR,0.07986281675682064,BC12
PHF14,-0.006532080084570535,BC12
SUPT4H1,0.0904747389947377,BC12
PRXL2A,0.1930206604730848,BC12
CCDC167,0.23790514049355593,BC12
BAD,-0.07135179155919544,BC12
SPDEF,-0.13929782373946775,BC12
MRPS18A,0.04534054310280582,BC12
BSCL2,-0.028908637917234282,BC12
LASP1,-0.10530934162835529,BC12
MRPL21,-0.12250675604462317,BC12
NR2F6,0.28306218751695583,BC12
NORAD,-0.06509466117034728,BC12
ERLEC1,0.1598726072938512,BC12
ACSF2,0.052338889594619825,BC12
EIF2AK1,0.14184282718408142,BC12
RHBDD2,0.19219255658980647,BC12
EMC10,-0.1780459902675803,BC12
TSC22D3,0.013398075915627103,BC12
RBM47,0.22629568758618995,BC12
SERINC3,0.018350121670634014,BC12
LRPAP1,-0.005126735629061092,BC12
RNF187,-0.08127694704559921,BC12
CDH1,-0.16078674283341762,BC12
DYNLL2,0.24257536172882005,BC12
YIPF6,0.07309853752471479,BC12
MLF2,-0.08243339210252182,BC12
MRPS14,0.02939513839562952,BC12
DMAC1,0.08729167412675506,BC12
FLOT1,-0.08689140656537746,BC12
ING2,0.14519104246965725,BC12
ISOC2,0.07703021281657425,BC12
OS9,0.03647402669573169,BC12
PTOV1,0.1365320031676126,BC12
SRSF1,-0.15491157479966658,BC12
HAGH,-0.03259610583390817,BC12
POLDIP2,-0.10839404771663157,BC12
COA1,0.14535617620816246,BC12
CMC1,-0.01774771766491043,BC12
ECI1,0.33947640875237245,BC12
TP53TG1,-0.07673673494602878,BC12
RPP21,0.11216085501874466,BC12
VAV3,0.13624314112191943,BC12
UHMK1,-0.12054877961673965,BC12
DEK,-0.010014655968869662,BC12
TXN2,0.05282904539601364,BC12
ARMCX3,-0.07392357655391335,BC12
COX11,0.07720012624793667,BC12
ZDHHC24,0.017482494978665067,BC12
TCEAL3,-0.10412166913578717,BC12
ARL3,-0.036895698484705766,BC12
RCN2,-0.1613518100406758,BC12
TMEM208,0.27806877268209573,BC12
MCTS1,-0.058513519020266656,BC12
NUDT4,0.033207970828347776,BC12
RNASEH2C,-0.07567265447563995,BC12
POLE4,0.05703528948492985,BC12
IRX3,-0.028485111245833382,BC12
STRBP,0.14799381647086698,BC12
IDH1,0.08845336533652187,BC12
HTATIP2,-0.05520894948377032,BC12
MED13L,0.06694414934141908,BC12
BCAM,-0.21674000510309888,BC12
EPHX1,-0.015167381661170433,BC12
PLD3,0.05916523500400342,BC12
SIAH2,-0.05127239184779117,BC12
PPP1CC,-0.07201139965207001,BC12
TMEM9,-0.07173012804152687,BC12
PIN1,0.056142174116962124,BC12
SLC35B1,0.16514761862743413,BC12
ANAPC13,0.08533234855882342,BC12
ERBB3,-0.016072680416020817,BC12
GRAMD1A,0.032232169414192234,BC12
CORO1B,-0.05874832109017105,BC12
SEZ6L2,0.14890275922508306,BC12
GRINA,-0.2450478566926812,BC12
SQLE,-0.10845192495739908,BC12
C20orf27,0.10561420479404063,BC12
SRSF6,-0.16802232344735704,BC12
SPOP,0.04237173833645547,BC12
MRPL34,0.10275410980373406,BC12
TXNIP,0.0023790738444253792,BC12
GRN,-0.17754962930387347,BC12
C7orf50,-0.20240335597483283,BC12
ABHD12,0.05128085426190057,BC12
EGLN2,-0.24209639992349286,BC12
TAF15,0.11605604960920574,BC12
SH3YL1,0.0865933682921973,BC12
ATG101,-0.06278173254677102,BC12
TLE5,0.07846999309342308,BC12
PTPMT1,0.17074460971509595,BC12
NINJ1,-0.1366989790737141,BC12
MRPS18B,0.02526311106183098,BC12
ADI1,0.10314224291633325,BC12
TRPS1,-0.059296210547414484,BC12
ZMAT2,-0.11598096417766086,BC12
METRN,-0.15844057370094358,BC12
NECAB3,0.12518062381852713,BC12
TERF2IP,-0.05186600341996871,BC12
METTL5,-0.05919015704812613,BC12
SUSD3,0.0772699587532572,BC12
SRPRB,-0.06974526559363543,BC12
CTSH,0.12282669268691408,BC12
VDAC3,-0.12269510857117938,BC12
SURF1,-0.05899260223903041,BC12
OCEL1,0.03897599698487388,BC12
SEC61A1,0.11777528414768153,BC12
COQ4,0.14897859686658327,BC12
THSD4,-0.016818877069113034,BC12
CNPY3,0.2848237349011191,BC12
DCTN3,0.09167053895731037,BC12
RNF5,0.06838076739313823,BC12
CDS2,0.03565431427494274,BC12
PIGP,0.19211055671858268,BC12
SNRPN,-0.02230077449712524,BC12
RPN1,-0.0871479983129995,BC12
FAM120AOS,0.0012231904789956195,BC12
TIMMDC1,0.04560375018046488,BC12
ZBTB20,0.07586780234758382,BC12
GPAA1,-0.23020335922632748,BC12
RAP1A,-0.1123175185932008,BC12
TIMM17B,0.07682018985558303,BC12
USF2,0.0075455382750992455,BC12
WBP1,0.022369313487761798,BC12
BAG3,-0.14616042573656815,BC12
CAND1,-0.06449469828634875,BC12
SPATA20,0.15965304214105883,BC12
CTSA,-0.14267656239527407,BC12
C8orf82,0.05310712566551396,BC12
TIMP3,0.35312624589241803,BC12
FBP1,-0.0699942346301919,BC12
POP7,0.027181984955611724,BC12
CTSZ,0.2029717912853902,BC12
COPRS,0.12763387766193035,BC12
HMGCS1,0.07232452329855057,BC12
CLTC,-0.014098132122847832,BC12
NFU1,-0.15347405241593992,BC12
MEA1,-0.08341614982677123,BC12
COMTD1,0.14556981835188743,BC12
CLPTM1,0.05289820464358889,BC12
EBP,0.03514578360303003,BC12
RNF13,-0.0076031587290144855,BC12
FLYWCH2,-0.15553266058016063,BC12
IRF2BPL,-0.08832736520071847,BC12
MGMT,0.08351034075690822,BC12
EML2,0.034971454068472345,BC12
STMN1,-0.01009569486967283,BC12
PIGX,0.1426743456497781,BC12
AL035661.1,0.07130259875979608,BC12
BRMS1,-0.012882905532198865,BC12
CDK4,-0.044390365221632394,BC12
SIGIRR,-0.08931588120592619,BC12
TSG101,-0.01838821553770515,BC12
CHPF,0.0797775786617024,BC12
SPR,0.013049995822019067,BC12
ELAPOR1,0.0412097499590624,BC12
MRPS36,0.07525736353699469,BC12
ATXN10,0.011624456504246386,BC12
MTX2,0.02119204928859763,BC12
SAYSD1,-0.07607319056647052,BC12
JOSD2,-0.04655977850981081,BC12
FAM102A,-0.17437516381143248,BC12
FIBP,-0.028563866797931124,BC12
HEXIM1,-0.00245225945085481,BC12
ATP6V1H,-0.17990390914269533,BC12
KCNK6,-0.16261192961300408,BC12
FAM120A,-0.07852838582537808,BC12
HDDC2,-0.05401498048590622,BC12
CXXC5,-0.1963716550676119,BC12
IFT27,0.000461082532221977,BC12
CANT1,-0.05403380627790073,BC12
SERTAD3,-0.08400217958846183,BC12
FSIP1,0.058962059078299926,BC12
ERGIC1,0.1188094368430341,BC12
RBBP4,-0.09553010413096458,BC12
CCDC85B,-0.11283857530661097,BC12
WDR61,0.07852854806994655,BC12
PAGR1,-0.044901222965601416,BC12
NUCB1,-0.19170691858323968,BC12
ANAPC5,-0.06024940520644648,BC12
TCTA,0.19962285448984649,BC12
CREG1,0.06845958347032208,BC12
KRR1,0.1410923384026582,BC12
NOL3,0.19521722290856447,BC12
RETREG2,0.03235153964056732,BC12
S100P,-0.026410664134760117,BC12
CDIPT,-0.015063593050015712,BC12
TESMIN,-0.007155335453267714,BC12
C1orf122,0.020113511659893665,BC12
MYADM,-0.008375190773105265,BC12
FAM174A,-0.04697694990741308,BC12
PGP,-0.007529076741504615,BC12
ACOT13,0.24747065584366035,BC12
NT5C,0.1314113259299538,BC12
SPINT1-AS1,0.07123227782817025,BC12
MSI2,-0.13051835732511827,BC12
CAMK2N1,-0.019764268726765503,BC12
AKAP1,0.15810494542170628,BC12
PDZD11,-0.048075421040015894,BC12
RAB17,0.17888201054434333,BC12
C15orf61,0.12962082224359237,BC12
BRI3,0.07242253216840286,BC12
MTARC2,0.256026504923578,BC12
NFE2L1,0.07330947095732858,BC12
AK1,0.12824459414187292,BC12
ETHE1,-0.13154187593374048,BC12
SYS1,-0.046337947752522785,BC12
ZNF24,-0.07816150166596769,BC12
MAP4K3-DT,0.054137141971889936,BC12
ZNF385A,0.13204573383693807,BC12
ARL2BP,-0.02479110090852083,BC12
MTHFS,0.006616533152871122,BC12
MPC1,0.01148717672050336,BC12
STARD7,-0.03505880146552014,BC12
DCAF7,0.25941280515661236,BC12
CRLS1,0.14095928670603844,BC12
BEX4,-0.061419000051339864,BC12
CERS6,-0.13069381053316603,BC12
POLR3K,-0.08898388546382545,BC12
SKIL,0.006358394294774626,BC12
ALG13,-0.04385230874344109,BC12
EXOSC5,0.07809599924081433,BC12
GOSR2,-0.005320900474963017,BC12
A1BG,0.0038828806247580725,BC12
IARS2,0.006072373676900067,BC12
SS18L2,0.003140964824520509,BC12
SWI5,0.0513215189267941,BC12
STIP1,-0.227505891136104,BC12
M6PR,-0.00029732926751643623,BC12
OTUB1,-0.06092454554559421,BC12
SKAP1,0.016831734874581304,BC12
POLR2C,-0.02966225223174803,BC12
LYPD3,0.05079186966147811,BC12
KIF12,-0.01746478552027029,BC12
GPR160,0.10639336763969316,BC12
ERG28,0.10320579897901426,BC12
SAC3D1,0.16167507147496238,BC12
TJP3,0.060024142432706235,BC12
HMGN4,-0.041667847673246945,BC12
CCS,-0.07894290547742835,BC12
HADHB,-0.19921717631251235,BC12
CRELD2,-0.15311649590248244,BC12
MACROD1,-0.08228073023415718,BC12
RPA3,-0.12231460215963505,BC12
AKT2,0.19047869143203885,BC12
OTUD6B-AS1,0.13315205615682335,BC12
PRR15L,0.22925410047379166,BC12
MAGEF1,0.15167536672995632,BC12
DHX30,-0.00803678313333112,BC12
UNC50,0.06452197760055095,BC12
GSTM3,-0.144977647710877,BC12
ETFRF1,-0.041744194156640026,BC12
CCDC91,0.11408443033488647,BC12
MTSS1,0.14991252858164553,BC12
CYHR1,-0.18868197045708696,BC12
SECISBP2,0.08254821322376174,BC12
DST,-0.2624644695897196,BC12
ABHD2,-0.07640437463248478,BC12
TMED7,-0.08836576595017073,BC12
KCNC2,0.24308215954576326,BC12
FAM110A,0.062433152944660016,BC12
LLGL2,0.07473233652480613,BC12
SLC22A18,-0.08588876674879158,BC12
CYB5B,-0.08723989273682455,BC12
MPLKIP,-0.09238927086402336,BC12
KCNQ1OT1,0.08400081125845128,BC12
PRPSAP1,-0.028101773920612964,BC12
H2BC4,0.0632472397043477,BC12
NUBP2,-0.13118548074323255,BC12
RBP1,0.29812364381846396,BC12
PARL,-0.035036339559925744,BC12
FBXL15,0.0643915164313393,BC12
ZNRD2,-0.04162081223109318,BC12
BCAT2,-0.13185528129631444,BC12
GSTO2,0.03611405115313892,BC12
EBLN3P,0.10979742571999873,BC12
ARFGAP2,-0.14501572784706832,BC12
KRCC1,-0.1106920007547839,BC12
KAT6B,-0.15606620547952757,BC12
MMAB,-0.10199640206968577,BC12
THAP7,0.06590996239991473,BC12
DNASE2,-0.012615234193290182,BC12
SYNE4,0.012557216384340346,BC12
CCDC34,0.24752313110281646,BC12
ITFG1,0.1052636855220584,BC12
CPEB4,-0.060261221141489664,BC12
DNAJA4,0.2057658124028931,BC12
COQ7,0.13358813696001384,BC12
RPRD1A,0.026079828595627,BC12
TPGS2,-0.10681346057805972,BC12
ENDOV,-0.02740633571881018,BC12
OIP5-AS1,0.0701733529678614,BC12
HK1,-0.14542928898559304,BC12
PDHX,0.04578822828901203,BC12
EBAG9,-0.06996336947613394,BC12
CCZ1,-0.14905439027035838,BC12
GET1,0.04572338486920878,BC12
AHCY,0.1041187022706536,BC12
SMARCA2,0.022548003984419716,BC12
ZNF830,0.06388840673796375,BC12
NDUFS1,0.06496970176046116,BC12
ARMT1,0.0007007740460917818,BC12
HNRNPL,-0.11984019209175623,BC12
B3GAT3,-0.07140370011804857,BC12
ABHD14A,-0.020222535028829966,BC12
CH17-340M24.3,0.04117544478756728,BC12
GFPT1,0.14581801612014572,BC12
RXRA,-0.022654956943189766,BC12
PTGES2,0.016575226987034352,BC12
TRUB2,0.21272511216576442,BC12
SMUG1,-0.1049406518952127,BC12
HRAS,0.08773224912358228,BC12
COPG1,0.09672408999593782,BC12
TMEM251,0.1997146448743321,BC12
NPTN,0.10506602130404386,BC12
DHRS4L2,0.11879198344635931,BC12
MAFB,0.14245681512505107,BC12
ZBED5-AS1,0.009757748758670696,BC12
TRH,0.11832281035611282,BC12
VEZF1,0.14983267019844126,BC12
SLC39A3,0.12675199864394296,BC12
NFIX,0.002516832470060389,BC12
WFDC2,-0.19716272614908398,BC12
PCNA,0.03243584179178174,BC12
IFI27,-0.1418609432144722,BC12
CD27-AS1,-0.09559493939818955,BC12
SMIM10L1,0.06194978745083386,BC12
CCDC57,-0.008504728245080808,BC12
TNFSF10,-0.17093319400636917,BC12
ZDHHC4,-0.09756898883364759,BC12
DNAJC12,0.00151454951436719,BC12
IDH3A,0.22117486108426648,BC12
MTUS1,-0.08464421304258266,BC12
ZNF664,0.014182596459537936,BC12
THNSL2,-0.07092718701176064,BC12
OXLD1,-0.06315967011229984,BC12
FBXL5,0.1516124374000139,BC12
RTN2,0.11356135510924885,BC12
TSR3,-0.17348502661499687,BC12
GPATCH2,-0.08959615051857348,BC12
NKAP,0.012203242402411035,BC12
CYP51A1,0.1815484771605881,BC12
MRPL35,0.10290099697218359,BC12
ZNF32,0.10669574882054889,BC12
TPGS1,-0.033383260240824476,BC12
BAIAP2,-0.01210730734283287,BC12
NIPSNAP1,-0.06054189991834939,BC12
AKT1S1,-0.03573850175439726,BC12
HSBP1L1,0.045279443840047263,BC12
HTATSF1,-0.09968555272878417,BC12
DCTN1,0.10097034284316012,BC12
C15orf40,-0.0687966022518415,BC12
PIGF,0.1659946070779956,BC12
TP53I11,0.06956618807520275,BC12
PTPN18,0.11111570401680355,BC12
HOXB2,-0.08471141654375876,BC12
OGFR,0.04929421234328928,BC12
XAB2,0.18645708121950288,BC12
TLE3,0.05728948541782555,BC12
APTR,0.2989200331246108,BC12
PTGER3,0.07951669612600673,BC12
GNPAT,0.0592549478698816,BC12
FAM210B,-0.007629252507695569,BC12
ABHD14B,0.06478868102893164,BC12
ACY1,0.09946412429365437,BC12
HDDC3,0.0673785454283129,BC12
HOXB6,0.08338446279621303,BC12
GPS1,-0.0193721839933756,BC12
NFKBIZ,-0.19295869799843024,BC12
TMEM223,-0.04007361209344948,BC12
FUNDC1,0.05804849682950404,BC12
RMND1,-0.04051114278061629,BC12
TM2D3,-0.15748240065430255,BC12
CDS1,0.09452968183709917,BC12
STC1,0.07396041820281715,BC12
FAM200B,0.038564639813843477,BC12
MT-ND6,-0.18575089984675902,BC12
PSME3IP1,0.018318248697554024,BC12
KEAP1,-0.020360251813812933,BC12
SYNJ2BP,-0.05112361215843588,BC12
ITPK1,0.2901047384971143,BC12
COPS7A,0.11731133432776629,BC12
RXYLT1,0.2497738574716186,BC12
ARSD,0.04841632151241078,BC12
SERPINA5,0.15253906331954906,BC12
IMMP1L,0.0008397942146856879,BC12
KIF21A,-0.0542159848976396,BC12
ZFX,0.0038177319319041805,BC12
HOXB5,0.08359973595943297,BC12
ZNF467,0.027415562336073295,BC12
TSPAN1,-0.01828446462152846,BC12
LY6E,-0.10907702417489046,BC12
FBXO21,-0.030859137485242275,BC12
HAGHL,-0.13638638652815172,BC12
ANXA9,0.20029419864710382,BC12
MALSU1,0.05405216868474644,BC12
PIK3R1,0.05284016989484781,BC12
NCBP2AS2,-0.014398290100057116,BC12
BLCAP,-0.008446949740657924,BC12
TMX1,0.04471747353689252,BC12
MRPL11,-0.07505248047294713,BC12
GLCE,-0.12516647416620977,BC12
OARD1,-0.076178337852549,BC12
IGF1R,0.0822028626040398,BC12
H2BC15,-0.0848606606443549,BC12
LINC00472,-0.07954204192251954,BC12
LDOC1,0.19640218579400578,BC12
HOXB-AS3,0.15929291991297903,BC12
RASD1,0.0820922296973645,BC12
TTC14,-0.006828401189556521,BC12
SEPTIN8,0.08250350690417359,BC12
CRELD1,0.010116804346916478,BC12
WASHC3,0.05292045388184763,BC12
CEACAM5,-0.05225106432075575,BC12
HDGFL3,0.1561938060129437,BC12
TAOK3,0.010335437542882134,BC12
PDE4DIP,-0.08541640884175734,BC12
VPS51,-0.036568210450859714,BC12
HSPH1,-0.08661295147368579,BC12
DEGS2,-0.03461813257805021,BC12
CCDC151,0.34877215363451686,BC12
STAU2,-0.008730063730339209,BC12
MRFAP1L1,-0.004123525696290992,BC12
IER5,0.16671710483091504,BC12
PSIP1,-0.05175119909742955,BC12
TMEM98,-0.0626903000405462,BC12
IFI27L1,0.09945536769154902,BC12
AUTS2,0.33080566157275004,BC12
SNX10,0.2068600211631872,BC12
ALDH3B2,0.08877321145471768,BC12
FGD5-AS1,-0.023063368752809628,BC12
PDRG1,0.10209352129200171,BC12
MYL9,-0.014995864612061238,BC12
TCTN1,0.05230159526707129,BC12
AC068888.1,0.09287684492537841,BC12
C3orf14,0.03959726714615157,BC12
DACH1,0.43049301866295847,BC12
SYT1,0.2613818587089797,BC12
HSPB8,-0.05013509257076005,BC12
RAMP3,-0.1488873371359673,BC12
CD81,0.12601609418214943,BC12
GATAD1,0.09721341449328709,BC12
STMN3,0.08505371494104905,BC12
LAPTM4B,0.11173003802136683,BC12
ZNF44,0.1031859642812988,BC12
TMX4,0.16844092753236928,BC12
CDKN1C,0.04016077422022026,BC12
CCDC115,0.04891585152793924,BC12
C22orf39,-0.0635157675863956,BC12
SLC2A10,0.22496236830267727,BC12
PPP2R5A,0.14127979304553023,BC12
EXOSC3,0.11285753860738344,BC12
GAS2L1,-0.08827440749980732,BC12
MT1F,0.33707744441287973,BC12
KAZALD1,0.0862761160570891,BC12
SLC49A3,0.10594181763252399,BC12
DNAJC30,0.13602919695580162,BC12
IRX5,0.03906204574367142,BC12
CPD,-0.16116390853514265,BC12
RNF14,0.025066203259898383,BC12
IFI6,-0.20163970754835153,BC12
E4F1,0.14894710270057238,BC12
NR4A1,-0.09485988758828179,BC12
THBS1,-0.054276638285894616,BC12
TACO1,0.04067086807809491,BC12
PFDN6,0.010122358068658818,BC12
WNK1,-0.2023102375678613,BC12
DEDD2,0.08791239726568882,BC12
PREX1,0.13872489065106977,BC12
GOT2,0.006752133552747023,BC12
DDX42,-0.046374505065510295,BC12
PIGS,-0.06630041098841438,BC12
MSMB,0.07343865287980007,BC12
ISOC1,0.16527776258414542,BC12
RBL2,-0.01660672039523952,BC12
NPEPL1,0.05863768538246058,BC12
TRPT1,-0.13649119652727784,BC12
HOXB7,0.28478752206560987,BC12
SCNN1A,0.1393180355753238,BC12
SLC35E3,0.13641807088898902,BC12
ZNF587,-0.17618305070951862,BC12
CTPS2,0.059256345565410665,BC12
MB,0.145887376565529,BC12
FAM89B,-0.02954690765841012,BC12
UBE2S,0.12513183018961638,BC12
FBLN1,-0.008728778435926784,BC12
RAB1B,-0.21211591784885922,BC12
NUDT9,0.024575098167072554,BC12
TXNDC15,0.01294083846073167,BC12
ZCCHC10,-0.14219345330938693,BC12
CRBN,0.07478751106213899,BC12
RING1,-0.14192752139534967,BC12
SUMF1,-0.0009909818509244701,BC12
MYLIP,0.06888184607828882,BC12
PCP2,0.13774863849266158,BC12
MRPL45,0.0005304969128854271,BC12
KLHDC3,-0.03231936670726995,BC12
INO80C,0.20596008771949578,BC12
LY6K,-0.09569098867303169,BC12
ADCY1,0.05426798808029253,BC12
JARID2,-0.05733766811368802,BC12
TPP1,-0.06287829600744173,BC12
HAUS1,0.23073376634197554,BC12
TMEM54,-0.09274420654208579,BC12
ADIPOR2,0.07107519742045519,BC12
PTPRA,0.16228941567079855,BC12
ZNF444,0.13641653074336813,BC12
MAGED1,0.08478971588522412,BC12
OAZ3,0.1236651648834816,BC12
AIP,-0.15804698528906444,BC12
MRS2,0.030989749103184586,BC12
SMC4,-0.03354383460541565,BC12
SLC2A4RG,-0.12117708910584676,BC12
DCAF10,-0.14655054130224993,BC12
STX16,0.033795372245376695,BC12
ATPAF1,0.059478673501635416,BC12
DYNC1LI2,-0.03853663742129801,BC12
NFATC4,0.37796283039675627,BC12
DHRSX,-0.2035811678354419,BC12
GOLM2,-0.0995527042980345,BC12
HOXC10,0.08651313987642661,BC12
MDM2,0.022370349024251255,BC12
CMTM8,-0.1315826671215538,BC12
MAGI1,0.08499551985361302,BC12
NCOA4,-0.002728487763099208,BC12
G6PC3,-0.0698936134394374,BC12
ZFAND2A,0.04821757359228134,BC12
IDH3B,-0.11900209966066128,BC12
SERPINI1,0.3121226466449926,BC12
NABP2,-0.09636513706985422,BC12
SLC25A1,0.20366336910528468,BC12
AC008268.1,-0.1967415870644624,BC12
ASXL1,-0.06474926441988575,BC12
GNS,0.21362815775204172,BC12
MBTPS1,0.01812970761499647,BC12
NSL1,-0.02175725596508704,BC12
MAT2A,0.08462717621724954,BC12
STYXL1,0.16610983008145372,BC12
NSD1,-0.16305934015072998,BC12
SRARP,0.06012604940890544,BC12
TUG1,-0.06713584475713766,BC12
ELP5,0.013184400042959038,BC12
COG2,-0.020245675613084158,BC12
RGS16,0.27966004287340196,BC12
MINDY1,0.1777167829803265,BC12
USP9X,-0.11450530419983339,BC12
BATF,-0.026983836678776366,BC12
ZNF75A,-0.009926906962302817,BC12
AFTPH,0.07606536353446658,BC12
MLST8,-0.172303952305736,BC12
ACOT8,0.04347097015163633,BC12
MRPL2,0.13055993865051296,BC12
TRAK1,-0.02084203782383284,BC12
CEACAM6,0.04491100562431486,BC12
NSMCE4A,-0.06902481048740736,BC12
CHMP1A,-0.0615999992365103,BC12
NECAP1,0.0065688649283597,BC12
AC018521.5,0.15684808767426087,BC12
SMARCD2,0.14438729464834738,BC12
GAA,-0.11026906214428961,BC12
NFYC,0.019252437926275113,BC12
CZIB,0.047524523276283946,BC12
CFD,-0.029352191466795505,BC12
IRS1,0.10775963734805549,BC12
LMTK3,-0.13164903610365689,BC12
AMFR,0.0760346056220407,BC12
PPP1R37,0.03740518511219625,BC12
ANKRD11,0.0033194570262832313,BC12
GPRC5C,0.13373622454749112,BC12
OLMALINC,0.06070817995983802,BC12
STK24,0.13620904810617498,BC12
TSPYL2,0.057190086400793295,BC12
INSIG1,0.02466282552821077,BC12
SIRT2,-0.00038900677256748385,BC12
EPM2AIP1,0.10918303206758966,BC12
NDRG3,-0.0742029089617173,BC12
MAVS,0.09370513177809853,BC12
ZMPSTE24,-0.10774973400023727,BC12
ROGDI,-0.1522460105909952,BC12
PDCD7,-0.009551075173079975,BC12
ENPP5,0.19421784934882783,BC12
SYT13,0.44124218008447785,BC12
ELOVL2,0.3218311477043749,BC12
ATP6V1A,-0.07013389871623829,BC12
ANKRD40,0.07701320834115524,BC12
SLC27A2,0.30734171737022936,BC12
CMC4,-0.1448303996046395,BC12
GEMIN8,-0.03509652711549994,BC12
ZNF688,0.027624439694131444,BC12
MRPS25,-0.031229406073070717,BC12
POLR1H,-0.09974189105163123,BC12
TBCC,0.12626420701369384,BC12
MTERF2,-0.2003488678198816,BC12
KCNK15,0.17619499614439865,BC12
ACP5,0.09632214765618308,BC12
CDK12,-0.019468355680518454,BC12
ATF7,-0.045707756810953785,BC12
KDM2A,0.010093463620851836,BC12
NCOA3,0.12051464470705103,BC12
FGF2,-0.09881619962727262,BC12
TIMM10B,-0.015768934227900783,BC12
GUCD1,-0.07097757438719261,BC12
PAK4,-0.0009611590447844548,BC12
MOAP1,0.011083497185145298,BC12
WWOX,0.057962000766011545,BC12
COQ9,-0.06738442000817743,BC12
PANK3,-0.03774238834481033,BC12
SLC35C2,0.2040337000085839,BC12
RITA1,0.0639147196409204,BC12
RELL1,-0.001277730917736334,BC12
RAMP2,-0.014965298608297031,BC12
ALDH7A1,-0.08181623705331244,BC12
HIBADH,-0.11292156039926024,BC12
SKA2,-0.09545242374689762,BC12
SLC9A3R2,0.07679518289336962,BC12
VPS26B,-0.0017467301970531075,BC12
HID1,0.05797787625564933,BC12
SDSL,-0.06358139833634116,BC12
GSE1,-0.0007120829210314944,BC12
SAMM50,0.00017157324306360587,BC12
POR,0.06933881948039863,BC12
DNAJA3,-0.03882805102804977,BC12
MRPL15,0.028129902643159326,BC12
TAF10,0.04234163444606317,BC12
BRAF,-0.021547501091551707,BC12
CXCL17,0.02494311088263425,BC12
LTBP4,0.025090076610416182,BC12
CLEC3A,-0.22957900909271647,BC12
PCYOX1,-0.03915183344570973,BC12
CALCOCO2,0.1029895700017423,BC12
NSF,-0.20808721041111197,BC12
MDP1,0.12849486992751438,BC12
SLC1A5,0.1313125257948902,BC12
PHYH,-0.04994773102426744,BC12
ZNF652,0.03154605004886548,BC12
TMEM25,0.01709818951906886,BC12
NTN4,-0.11125761795564179,BC12
NUDT16,0.052180847931105216,BC12
UNC119,-0.007253923130595913,BC12
SLC25A24,-0.002181386249027496,BC12
PTPN1,0.024483528348444434,BC12
ARMC1,0.15328606959863506,BC12
GREB1,0.0972519576068297,BC12
RHPN1,0.007878820958943504,BC12
RPS6KB1,0.02116872155298772,BC12
TMEM35B,0.19468827596149402,BC12
ECPAS,0.0573093047589735,BC12
GLT8D1,-0.04464041152752174,BC12
SLC38A10,-0.002211972559999346,BC12
PNPO,0.011789590375585442,BC12
AC091271.1,0.050359801655259634,BC12
EPS15L1,-0.053324179373068596,BC12
SNRNP35,0.10101109774852615,BC12
CYP4B1,0.4107495025559015,BC12
TMEM192,-0.07327601762424966,BC12
EGFL7,0.010544309729403078,BC12
PCMTD2,0.08462780288459634,BC12
POP4,-0.08123352114614761,BC12
MFSD1,-0.10110497669854047,BC12
EIF2AK2,0.18274016353064007,BC12
C5orf15,-0.22905794334916876,BC12
YTHDF1,0.08058099336410242,BC12
TTC17,0.03798693229794392,BC12
VPS4A,-0.09593082875608488,BC12
FUBP1,-0.180985436351089,BC12
CFAP20,0.1400748627817754,BC12
RNF135,-0.07465449046957567,BC12
DNAJC10,0.04682745667979761,BC12
PITX1,-0.12959226526757395,BC12
KLHL5,0.08658441515703261,BC12
ANKRD26,-0.03501346448944622,BC12
APOE,0.06367132286121108,BC12
MT1G,0.22446090047257145,BC12
CGA,-0.11797515665427269,BC12
USP32,0.14094137229756204,BC12
PCCA-DT,-0.02954390190968715,BC12
DMAC2,0.03558243720450378,BC12
IDNK,0.10341773904812292,BC12
TMEM64,0.18703866378192624,BC12
AGPAT1,0.08100310934106857,BC12
LENG1,0.08598643623839318,BC12
LINC02802,-0.022601593279063775,BC12
PDK2,0.047328327497504014,BC12
FAM3B,0.3240024630029959,BC12
NDRG2,0.016590942689067502,BC12
OSBPL8,-0.17862922752287236,BC12
RBP7,0.298220427258992,BC12
DHRS2,0.04435118008896078,BC12
SLC30A1,-0.12243291679946453,BC12
RCC1L,-0.05827962714617635,BC12
VWA1,-0.1102101081297585,BC12
HOPX,0.22001226004764976,BC12
FAM234A,-0.044543909359219945,BC12
MTARC1,0.13407271650980607,BC12
PDZK1,-0.016188497291069064,BC12
RAD9A,-0.0199971898912497,BC12
GOT1,0.0478821788702437,BC12
FBXO9,-0.08706037523789664,BC12
FDXR,-0.027881489750077235,BC12
C20orf204,0.3110691896219273,BC12
RIDA,-0.07255644971854179,BC12
ZFHX3,0.13188130261277808,BC12
PXMP4,0.10516502233948424,BC12
ARHGAP35,0.01975239666856327,BC12
VAMP5,0.03230599305707971,BC12
LIG3,-0.02735439894554246,BC12
ALG3,-0.06478471994082088,BC12
AP1S2,-0.1406036574483223,BC12
TMEM60,0.034788343008253474,BC12
C6orf89,-0.1100472625912739,BC12
SYNGR1,0.14908167783728768,BC12
PVALB,0.48808346679100467,BC12
APPBP2,0.14303626941082725,BC12
GCDH,-0.10895188544854008,BC12
LENG8,-0.15312253540047854,BC12
MYB,-0.053789215713657315,BC12
TTC36,-0.09347235011414963,BC12
C6orf226,0.013543405209347159,BC12
RAD51C,0.08011731005240705,BC12
ARAF,-0.050599792791725044,BC12
PEPD,0.019117113981656726,BC12
CHCHD6,0.005105295043012376,BC12
SULT1A1,0.015445915144708035,BC12
KCNJ3,0.4403101087870383,BC12
KIF3B,0.058278902682018394,BC12
SLC35B2,-0.02745745392114038,BC12
HSD17B8,0.0008105651524296328,BC12
TXLNG,-0.10985047395552756,BC12
ZNF749,-0.011219307292956206,BC12
CHAD,0.37908430495288764,BC12
ALB,0.4806797280758851,BC12
CST5,0.4321059923786919,BC12
AGTR1,0.3099651051135298,BC12
NEFH,0.35755007122730736,BC12
H1-2,0.04300107762939175,BC17
CHCHD10,-0.07984796359040654,BC17
DBI,-0.10548748834384095,BC17
SLC9A3R1,0.24675505807861076,BC17
MPC2,-0.43420166663059573,BC17
FKBP4,0.10560072556873942,BC17
PRSS23,-0.09590261606635007,BC17
GLRX5,0.028584493370471874,BC17
FCGRT,0.36808245932802564,BC17
HSPA1A,0.07174556554935742,BC17
TMEM160,0.04683236243645289,BC17
NDUFAB1,0.2827408778935469,BC17
GATA3,-0.22657631624032462,BC17
ATP5MC3,-0.007215180530253093,BC17
COX7B,-0.23627611832628098,BC17
NUCB2,-0.14137589666179615,BC17
HSBP1,-0.011960663355437728,BC17
HSPE1,-0.06391299355877095,BC17
HERPUD1,-0.20518659498578548,BC17
ATP6AP2,-0.06950938527137283,BC17
ATP5F1A,-0.2349020913186288,BC17
COX8A,-0.1653271235744715,BC17
H2AJ,-0.09891448964578067,BC17
TMEM230,-0.05842936322785311,BC17
RETREG1,0.2322934613140157,BC17
GPX1,0.1230189830737059,BC17
ATP5PD,-0.04369739921281196,BC17
COX5B,-0.2712158140469761,BC17
NDUFB7,-0.02839269546024216,BC17
ETFB,0.16881985841858974,BC17
NDUFB10,0.026032643837816425,BC17
COX5A,-0.09902253806227297,BC17
CST3,-0.4150223357916399,BC17
NDUFB9,-0.14243940559839402,BC17
MDH2,0.026889927571265793,BC17
UQCR10,-0.34254924649172636,BC17
ATP5F1B,-0.17614146832635721,BC17
DCAF6,-0.012787303882591961,BC17
CYC1,-0.15912837959894796,BC17
NDUFB5,0.06304219125440305,BC17
IDH2,0.07372442824801277,BC17
PRDX2,-0.339286019744318,BC17
CKB,-0.30442081288131634,BC17
GABARAPL2,0.08541828541332451,BC17
UQCRH,-0.28830607989972123,BC17
CLU,-0.3295123970228037,BC17
EPN3,0.18416643350680456,BC17
C18orf32,-0.19478982914369478,BC17
NDUFA1,0.08190338976882647,BC17
FXYD3,-0.268360164349437,BC17
PEBP1,-0.33558741907149003,BC17
CLDN3,-0.14013076678501982,BC17
HSPD1,-0.2580000417018427,BC17
NDUFAF3,0.2079241764604157,BC17
NDUFB4,-0.15975148287902616,BC17
COX14,-0.056559020873319155,BC17
PBX1,-0.06534183166694531,BC17
ATP5ME,-0.19608990041641652,BC17
SLC39A6,-0.022128516198331012,BC17
CKS2,0.15668625677747264,BC17
DYNLRB1,-0.09756673750448018,BC17
NDUFS6,0.15380126105146488,BC17
STARD10,-0.1988093324694348,BC17
TBC1D9,0.1251511777527622,BC17
PAFAH1B3,-0.043867539755878905,BC17
ATP5MC1,-0.17095431189014756,BC17
SELENOP,-0.05519248160115095,BC17
NDUFA7,-0.003203473545108068,BC17
PRKAR1A,0.020036115621397847,BC17
RBBP7,0.1262069458626268,BC17
SCD,0.27086556134422385,BC17
MORF4L2,-0.33296296308332235,BC17
ATP6AP1,0.17513898429517755,BC17
NDUFA12,-0.03762351843948252,BC17
TOMM6,0.1359049173032622,BC17
C1orf43,-0.18604720778344822,BC17
COX17,-0.07245747325989799,BC17
BEX3,-0.12555915790069141,BC17
GTF2I,0.04184405704965346,BC17
PRDX5,-0.12759356303264838,BC17
VAMP8,-0.27703662082560976,BC17
ACO2,-0.04888461939199708,BC17
NDUFA6,-0.022481377346277923,BC17
IGFBP4,0.12871062270634073,BC17
ERP29,-0.0694043839056947,BC17
MZT2B,-0.06400649385032896,BC17
NQO1,0.08023555394445073,BC17
HACD3,-0.20169921762612614,BC17
MRPL27,0.2134128751472867,BC17
MAGED2,-0.4102600260373659,BC17
DYNLL1,-0.15377914203478874,BC17
HINT2,0.018787531390565375,BC17
ESR1,-0.01219027210483603,BC17
NDUFS2,-0.12707514442034534,BC17
MRPS7,0.17657906822715236,BC17
TEX264,0.1071434972321131,BC17
CALR,-0.26293979381814797,BC17
CAPG,-0.015044667347401909,BC17
BANF1,0.1767599075854185,BC17
SSR3,-0.09856824664612726,BC17
ANAPC11,-0.17793227159753805,BC17
NDUFA8,-0.05456873430450691,BC17
CERS2,-0.1327341837127934,BC17
NAXE,-0.054749614550414466,BC17
MRPS26,-0.0029825143478039795,BC17
TMED2,-0.11298864785273902,BC17
RSBN1L,-0.21115694212406375,BC17
NDUFB1,-0.2667005352716596,BC17
TM7SF2,0.21914910120920075,BC17
SNF8,0.2700608879099227,BC17
CANX,0.016556827208003236,BC17
SRI,-0.20421118675655614,BC17
TMEM14B,0.14907196186808597,BC17
SELENOT,0.12956557090673437,BC17
ARL6IP4,-0.08662442017889581,BC17
COX7A2L,-0.07883887899696657,BC17
SNHG25,0.26885041889718264,BC17
GASK1B,0.1861091542794216,BC17
YWHAQ,-0.42979495719380334,BC17
MRPS24,-0.01554007375199412,BC17
NDUFB8,-0.04513983666280288,BC17
SMDT1,0.12104135658027332,BC17
DNPH1,0.3228287254591212,BC17
MRPS12,0.03049450671873146,BC17
NENF,-0.29771802192451235,BC17
H2BC5,0.14893588408087213,BC17
SARAF,0.0012189224888156562,BC17
TECR,-0.16775117457564678,BC17
TSPAN13,0.044208377501565574,BC17
COPS9,-0.21059645791720888,BC17
PCBD1,-0.025049586813919514,BC17
PMVK,0.07149372265827969,BC17
CSAD,0.059561329869929514,BC17
APRT,-0.020434217340263214,BC17
RTN3,-0.04455058961252271,BC17
MRPL23,-0.010529943289815638,BC17
CMTM6,-0.006176117519803704,BC17
NDUFS3,-0.09546853846804486,BC17
PLAAT3,0.34700224022128034,BC17
PCMTD1,-0.29992932914105014,BC17
GADD45GIP1,0.028682493449167127,BC17
MRPS34,-0.07057198600467178,BC17
TNNT1,0.4246305134152538,BC17
MRPL12,0.12146291461518484,BC17
HPN,0.16514800114908706,BC17
P4HTM,0.04596323601107815,BC17
CTSF,0.31681353384217853,BC17
GCSH,-0.030044893879336003,BC17
MRPL57,-0.0168234021184539,BC17
MRPS23,0.14573932132034134,BC17
MRFAP1,-0.07045065868202117,BC17
PTMS,-0.21906625810638986,BC17
ATP5PB,-0.14957327015594726,BC17
GHITM,0.05638330523999992,BC17
PIGT,0.0689504979871437,BC17
PTGES3,-0.06994102233553948,BC17
TRMT112,-0.053644230823843286,BC17
TOB1,-0.07762023733719663,BC17
PHPT1,-0.1521054863710285,BC17
EGR1,0.23848630917803837,BC17
NDUFAF8,-0.18223078939807802,BC17
AHCYL1,-0.1287643469129955,BC17
CALM3,0.010331243521160613,BC17
ZCRB1,-0.03751166095911616,BC17
RERG,0.17389008792800031,BC17
NDUFS7,-0.06858437486415651,BC17
SCAND1,0.16560109169267975,BC17
SEC11C,-0.16311444744460568,BC17
NDUFB6,0.08259368953140983,BC17
GGA2,-0.1853924808161729,BC17
COA3,-0.10203193836938156,BC17
UGCG,-0.09621271814400092,BC17
PXMP2,0.23357395601781422,BC17
SELENOW,-0.20623311476754705,BC17
TMEM14A,0.10722364455986584,BC17
PPP1CA,0.19213311621120965,BC17
DDRGK1,-0.1187940921646769,BC17
MRPL24,-0.06766640284810008,BC17
MRPL40,0.12422852330921565,BC17
BTG2,-0.561902068535238,BC17
MAST4,-0.08684080501653499,BC17
MICOS13,-0.058118654871717045,BC17
RWDD4,0.02749427742551755,BC17
NDUFV1,-0.017586557865721122,BC17
UQCC3,0.07415497242184932,BC17
LSM4,-0.17000051393529922,BC17
H2BC21,-0.1921452331630686,BC17
RPN2,-0.2927670261197228,BC17
MIEN1,-0.2981125846340335,BC17
AMZ2,0.28259547004386343,BC17
ANAPC16,-0.18465047074652854,BC17
MZT2A,-0.31569118425515047,BC17
YIF1A,-0.001207510831050156,BC17
C11orf58,-0.2623785573808263,BC17
PDHB,0.04342628895407337,BC17
TRAPPC6A,-0.08434155246164063,BC17
FDPS,-0.0830485211547388,BC17
DCXR,0.18062040406276214,BC17
CMBL,0.08624229436881474,BC17
DHRS7,0.06782539164484608,BC17
SDF2L1,0.2456436082049214,BC17
GTF3A,0.14697820453887744,BC17
H2AC6,-0.1831849572259523,BC17
ARF3,0.043916387101666676,BC17
BLVRB,-0.010072891457539836,BC17
CRNDE,-0.15442961443737374,BC17
CYB561,0.10235329305733042,BC17
DUT,-0.13240087617384871,BC17
CHCHD5,-0.20698750421462092,BC17
ST13,-0.10455220931189568,BC17
TMEM134,0.24386395124137142,BC17
GALNT1,0.15681857285083814,BC17
TMEM9B,0.12915560210834728,BC17
FOXA1,0.1797852655792087,BC17
RNF139,0.15968103284275162,BC17
DDT,-0.17829799702233953,BC17
TOMM22,-0.08485736029863176,BC17
COMT,0.1346327036707405,BC17
HSD17B10,-0.003029932370993472,BC17
SELENOS,-0.33273852333600035,BC17
PPCS,-0.13401835160165315,BC17
CACYBP,-0.03174771427995249,BC17
GNG10,0.06858955634219172,BC17
POLD4,-0.03292903608690015,BC17
POLR2F,0.16783224913608982,BC17
BPTF,-0.00017645563219770722,BC17
CISD3,0.031495128965279694,BC17
TMEM141,-0.12380924445255989,BC17
ECH1,-0.19977789463702772,BC17
SYAP1,0.15551514548107467,BC17
SORD,0.17694201332190024,BC17
GAMT,0.07248214394762457,BC17
GADD45G,0.17841125838689337,BC17
DGCR6L,0.20687139857185147,BC17
MCRIP2,-0.01595828824417176,BC17
MARCHF6,0.108259848300788,BC17
HEBP1,-0.08591604371485222,BC17
BLVRA,0.06631514771748426,BC17
MTCH1,-0.131553832511481,BC17
LAMP2,-0.0658052237322763,BC17
FOSB,-0.14832928228280087,BC17
PNPLA4,0.23732449214235876,BC17
PNKD,0.05758779175371202,BC17
MDH1,-0.18395398894141068,BC17
SHARPIN,0.13502001416680792,BC17
SDHB,-0.22651804534601297,BC17
TPD52L1,0.3151759577429782,BC17
YIPF3,0.0830020904817432,BC17
RABAC1,-0.10892625916308067,BC17
MRPL36,-0.05862485409053107,BC17
TCEAL1,-0.06669070848915575,BC17
NDUFA10,-0.12788699966072936,BC17
PRLR,0.07677352570354208,BC17
PHF14,0.09920516255036113,BC17
SUPT4H1,0.12114617210284531,BC17
PRXL2A,0.09099439142882253,BC17
CCDC167,0.20469026152206005,BC17
BAD,0.10202651272413805,BC17
SPDEF,-0.0964420121686996,BC17
MRPS18A,0.21651763885507577,BC17
BSCL2,-0.013864377760839963,BC17
LASP1,-0.08687522829686567,BC17
MRPL21,0.052946098136286715,BC17
NR2F6,0.18525354444196424,BC17
NORAD,-0.06495694761039995,BC17
ERLEC1,0.07126836676953989,BC17
ACSF2,0.0751657757945618,BC17
EIF2AK1,0.2352021207022433,BC17
RHBDD2,0.07699410963233234,BC17
EMC10,-0.00438908565353906,BC17
TSC22D3,-0.06792988382547067,BC17
RBM47,0.1492021886632111,BC17
SERINC3,0.05073807563523043,BC17
LRPAP1,-0.020278654420063377,BC17
RNF187,-0.28773642643250374,BC17
CDH1,-0.16057016609387126,BC17
DYNLL2,0.328253197531708,BC17
YIPF6,-0.0060923843756645665,BC17
MLF2,-0.10879636824731857,BC17
MRPS14,-0.1515001454149854,BC17
DMAC1,-0.12439856392963308,BC17
FLOT1,-0.011573971144596873,BC17
ING2,0.20448674391531654,BC17
ISOC2,0.25179289117449627,BC17
OS9,-0.029066912155842135,BC17
PTOV1,0.05444140446086468,BC17
SRSF1,-0.09574447527536412,BC17
HAGH,-0.05798691356186223,BC17
POLDIP2,-0.09700447727140027,BC17
COA1,0.25249932900941424,BC17
CMC1,-0.15217860897991917,BC17
ECI1,0.10269978521444405,BC17
TP53TG1,-0.313271698732758,BC17
RPP21,0.03351226144282691,BC17
VAV3,0.04722287961781809,BC17
UHMK1,-0.22127981894984272,BC17
DEK,0.12327529035142232,BC17
TXN2,0.011475484185224077,BC17
ARMCX3,-0.09185317897659288,BC17
COX11,0.0865693871633378,BC17
ZDHHC24,0.08254194516257518,BC17
TCEAL3,-0.1115903829705525,BC17
ARL3,-0.1963057707215673,BC17
RCN2,-0.20258426153021547,BC17
TMEM208,0.3040602103469962,BC17
MCTS1,-0.05741074388414921,BC17
NUDT4,0.10750955658226553,BC17
RNASEH2C,0.011354354998301952,BC17
POLE4,-0.016490705663561357,BC17
IRX3,0.035780708974493494,BC17
STRBP,-0.02595641363120853,BC17
IDH1,-0.07493004881313041,BC17
HTATIP2,-0.13940050925720746,BC17
MED13L,-0.05001849527629071,BC17
BCAM,-0.10267805029704097,BC17
EPHX1,-0.1699852373541261,BC17
PLD3,0.058358594924877535,BC17
SIAH2,-0.003298504797247529,BC17
PPP1CC,-0.10192464244809976,BC17
TMEM9,-0.08374433646792125,BC17
PIN1,0.05467106662225625,BC17
SLC35B1,0.05860798532659333,BC17
ANAPC13,0.1210031575221387,BC17
ERBB3,-0.11637142489762502,BC17
GRAMD1A,-0.0692324930187371,BC17
CORO1B,0.21514433167565652,BC17
SEZ6L2,-0.054996098789695136,BC17
GRINA,-0.13411093227918208,BC17
SQLE,-0.2100426457305606,BC17
C20orf27,0.12987721134684663,BC17
SRSF6,-0.103771761186034,BC17
SPOP,-0.137338295053126,BC17
MRPL34,-0.06226059669519899,BC17
TXNIP,-0.13269511719886945,BC17
GRN,-0.04073848202747827,BC17
C7orf50,-0.03755212715634612,BC17
ABHD12,0.0014843666325671835,BC17
EGLN2,-0.12835563353198465,BC17
TAF15,0.240553847136288,BC17
SH3YL1,0.092404070113995,BC17
ATG101,-0.1387489843059976,BC17
TLE5,-0.03472251191484535,BC17
PTPMT1,0.19781678298723973,BC17
NINJ1,-0.19158515109267182,BC17
MRPS18B,-0.041548592677429635,BC17
ADI1,0.15181452837044138,BC17
TRPS1,-0.028036770914609738,BC17
ZMAT2,0.0449515639979397,BC17
METRN,-0.040868407921641724,BC17
NECAB3,0.21862384885663527,BC17
TERF2IP,-0.13394358227522998,BC17
METTL5,0.026111791295178936,BC17
SUSD3,0.16007620374451498,BC17
SRPRB,-0.06689420560831641,BC17
CTSH,0.05185500466115187,BC17
VDAC3,-0.05413568974959697,BC17
SURF1,-0.03285922406071301,BC17
OCEL1,0.10004293131846355,BC17
SEC61A1,0.31258380351422754,BC17
COQ4,0.15185745019852714,BC17
THSD4,-0.23085819566000976,BC17
CNPY3,0.2617496898805333,BC17
DCTN3,0.059758696688478684,BC17
RNF5,0.1465602858363044,BC17
CDS2,0.15389943683849527,BC17
PIGP,0.23672960989678893,BC17
SNRPN,-0.04425845504611207,BC17
RPN1,0.027617751487182023,BC17
FAM120AOS,-0.07120185071124575,BC17
TIMMDC1,0.18751622241327098,BC17
ZBTB20,0.004493944343125875,BC17
GPAA1,-0.1243023320578002,BC17
RAP1A,-0.13044354584373413,BC17
TIMM17B,0.061378740029959585,BC17
USF2,-0.12221278087713652,BC17
WBP1,0.048126959850454266,BC17
BAG3,-0.08758341222121466,BC17
CAND1,-0.15252211840234978,BC17
SPATA20,0.23594421306549604,BC17
CTSA,0.04249473473164889,BC17
C8orf82,-0.0779119712376404,BC17
TIMP3,0.18613327386530276,BC17
FBP1,-0.1552504931817904,BC17
POP7,-0.09518395122606163,BC17
CTSZ,0.23874912915319008,BC17
COPRS,0.10533480970026864,BC17
HMGCS1,0.06806322240233326,BC17
CLTC,-0.1675928228778112,BC17
NFU1,-0.28594031897672456,BC17
MEA1,-0.06995326983311803,BC17
COMTD1,0.08438334301539835,BC17
CLPTM1,0.2663093090448454,BC17
EBP,0.044639439323684554,BC17
RNF13,0.06399544771750937,BC17
FLYWCH2,-0.0030187323217802297,BC17
IRF2BPL,-0.0735996995781102,BC17
MGMT,0.06900460171852346,BC17
EML2,0.02961011348899833,BC17
STMN1,-0.21547374602995312,BC17
PIGX,0.18172250673536283,BC17
AL035661.1,0.09463654014911502,BC17
BRMS1,0.04158574907017898,BC17
CDK4,-0.0008857092706351424,BC17
SIGIRR,-0.21355824109901092,BC17
TSG101,0.027385489271590235,BC17
CHPF,0.016585744980659407,BC17
SPR,0.06434376987241416,BC17
ELAPOR1,0.1256602683532258,BC17
MRPS36,-0.019586807271725237,BC17
ATXN10,-0.05471862207944849,BC17
MTX2,-0.0077353847960257485,BC17
SAYSD1,-0.01735525383032681,BC17
JOSD2,0.024365381219577882,BC17
FAM102A,-0.06674720613623182,BC17
FIBP,0.084013843012091,BC17
HEXIM1,-0.1947431108442037,BC17
ATP6V1H,-0.27447880546572384,BC17
KCNK6,-0.14068782112437123,BC17
FAM120A,-0.10273377954130797,BC17
HDDC2,-0.06445061033725699,BC17
CXXC5,0.001573647646820334,BC17
IFT27,0.09896057534078448,BC17
CANT1,-0.018499001999067483,BC17
SERTAD3,-0.025947409314121865,BC17
FSIP1,0.024625539696727306,BC17
ERGIC1,0.23549558173659235,BC17
RBBP4,-0.10173878874465198,BC17
CCDC85B,-0.016645072236806703,BC17
WDR61,0.08620472844826646,BC17
PAGR1,-0.03041969308629882,BC17
NUCB1,-0.03428522634706114,BC17
ANAPC5,-0.07454240098692215,BC17
TCTA,0.0962337841651127,BC17
CREG1,0.06272739300503755,BC17
KRR1,0.18742436285624758,BC17
NOL3,0.254909382992845,BC17
RETREG2,0.024688826787911997,BC17
S100P,0.23652047717720867,BC17
CDIPT,0.046213667101034764,BC17
TESMIN,0.08119915271505443,BC17
C1orf122,0.11110882762685265,BC17
MYADM,0.0403910355697542,BC17
FAM174A,-0.02204142742734192,BC17
PGP,0.0854642760043683,BC17
ACOT13,0.19780107800477503,BC17
NT5C,0.0632648229585287,BC17
SPINT1-AS1,-0.014533534486643932,BC17
MSI2,-0.047443528162869154,BC17
CAMK2N1,-0.25058811526115016,BC17
AKAP1,0.13430870364283465,BC17
PDZD11,0.001570887157891501,BC17
RAB17,0.12487268781854478,BC17
C15orf61,0.01719891682226455,BC17
BRI3,0.008969478648485766,BC17
MTARC2,0.14750474918582654,BC17
NFE2L1,0.17756374306293088,BC17
AK1,0.13519618270434985,BC17
ETHE1,0.003417582062445442,BC17
SYS1,0.16032812007651284,BC17
ZNF24,-0.05006409910544817,BC17
MAP4K3-DT,0.08021267414721428,BC17
ZNF385A,0.03935533832835403,BC17
ARL2BP,-0.037174322320199085,BC17
MTHFS,-0.10723506860073202,BC17
MPC1,-0.18883841064312315,BC17
STARD7,-0.0906480009869539,BC17
DCAF7,0.2401972341537101,BC17
CRLS1,0.11856854479189703,BC17
BEX4,0.13302341405891593,BC17
CERS6,-0.0643694073833617,BC17
POLR3K,0.014017429518312544,BC17
SKIL,0.20652747433479088,BC17
ALG13,-0.08325907083392808,BC17
EXOSC5,-0.042827738248050265,BC17
GOSR2,0.06328350151946271,BC17
A1BG,-0.08825897741037582,BC17
IARS2,0.025712148527046515,BC17
SS18L2,0.060546095203077,BC17
SWI5,-0.003924214996394992,BC17
STIP1,-0.11236943043228403,BC17
M6PR,0.044802485162574374,BC17
OTUB1,0.10053414313282757,BC17
SKAP1,0.032024283896519186,BC17
POLR2C,0.0714092529730744,BC17
LYPD3,0.01871908542036766,BC17
KIF12,-0.09986921788441705,BC17
GPR160,-0.10945064528778045,BC17
ERG28,0.026584569975185768,BC17
SAC3D1,0.20179594167976272,BC17
TJP3,0.098761653394733,BC17
HMGN4,-0.08355377811260713,BC17
CCS,0.03400870775674364,BC17
HADHB,-0.34253917895023706,BC17
CRELD2,-0.12199175331386272,BC17
MACROD1,0.0767993442640373,BC17
RPA3,0.012159651516282932,BC17
AKT2,0.08818622989689257,BC17
OTUD6B-AS1,0.09148473562362207,BC17
PRR15L,0.04207185292725204,BC17
MAGEF1,0.07232161918973173,BC17
DHX30,0.0783086508111957,BC17
UNC50,-0.05399030053431483,BC17
GSTM3,-0.1320730838573119,BC17
ETFRF1,-0.1061609863368512,BC17
CCDC91,0.167205380923377,BC17
MTSS1,0.13169728920527016,BC17
CYHR1,-0.2203485560598826,BC17
SECISBP2,0.08419051709711903,BC17
DST,-0.09779614211723983,BC17
ABHD2,-0.26837824690948453,BC17
TMED7,0.026472146924535696,BC17
KCNC2,-0.08771127644260487,BC17
FAM110A,0.0834552132899536,BC17
LLGL2,0.041375349601622737,BC17
SLC22A18,-0.18696736158342275,BC17
CYB5B,0.013863061715692404,BC17
MPLKIP,0.15546643681654287,BC17
KCNQ1OT1,0.08763772779589395,BC17
PRPSAP1,-0.1647095450535911,BC17
H2BC4,0.09807046498258552,BC17
NUBP2,0.07315143582243545,BC17
RBP1,0.05818298756754037,BC17
PARL,-0.015786124094251876,BC17
FBXL15,-0.09885914104091391,BC17
ZNRD2,0.055769804542851284,BC17
BCAT2,-0.14433698816899107,BC17
GSTO2,-0.0887711784903592,BC17
EBLN3P,0.1481907134260173,BC17
ARFGAP2,-0.11710469269848871,BC17
KRCC1,-0.02763216606452159,BC17
KAT6B,-0.18012680385444352,BC17
MMAB,-0.0016959734284355049,BC17
THAP7,-0.07612277285377073,BC17
DNASE2,0.060337254389453095,BC17
SYNE4,-0.03354140920813511,BC17
CCDC34,0.23537122396697874,BC17
ITFG1,0.12528931948896257,BC17
CPEB4,-0.06009534839514347,BC17
DNAJA4,0.16635023436523327,BC17
COQ7,0.05952645158170143,BC17
RPRD1A,0.0474894567775191,BC17
TPGS2,0.010428113865907099,BC17
ENDOV,-0.09881251821590101,BC17
OIP5-AS1,-0.013008692307537373,BC17
HK1,-0.17878697551458303,BC17
PDHX,0.06561083005801835,BC17
EBAG9,-0.008178037205838132,BC17
CCZ1,-0.026679845363342884,BC17
GET1,0.07475741122495144,BC17
AHCY,0.1309727864150542,BC17
SMARCA2,0.00010006017474208529,BC17
ZNF830,0.19329536732672295,BC17
NDUFS1,0.02416299655643444,BC17
ARMT1,0.030800076148367894,BC17
HNRNPL,-0.049744986006341675,BC17
B3GAT3,-0.06363842723579238,BC17
ABHD14A,0.08142291988754788,BC17
CH17-340M24.3,0.05471431332537328,BC17
GFPT1,0.07872557391877477,BC17
RXRA,0.028699811663936557,BC17
PTGES2,-0.11719373739304818,BC17
TRUB2,0.2324349191700121,BC17
SMUG1,-0.043481768028605046,BC17
HRAS,0.1428012802184861,BC17
COPG1,0.032340572435631904,BC17
TMEM251,0.1136322019170904,BC17
NPTN,0.13435402956263565,BC17
DHRS4L2,-0.00658464943068208,BC17
MAFB,0.06593941578004975,BC17
ZBED5-AS1,-0.10067319186334255,BC17
TRH,0.140038601973805,BC17
VEZF1,0.22117462094627383,BC17
SLC39A3,0.11191284616294588,BC17
NFIX,0.27243236510251634,BC17
WFDC2,-0.01720141364785574,BC17
PCNA,0.13707667602555715,BC17
IFI27,0.07836320934434068,BC17
CD27-AS1,-0.17361200444685093,BC17
SMIM10L1,0.14174866776035167,BC17
CCDC57,-0.0026315195650459264,BC17
TNFSF10,0.04704599579950451,BC17
ZDHHC4,-0.03971870343641279,BC17
DNAJC12,-0.3811699349232479,BC17
IDH3A,0.13304750577122096,BC17
MTUS1,0.05304313757175538,BC17
ZNF664,-0.037274693519114686,BC17
THNSL2,-0.07852028414094248,BC17
OXLD1,0.07184931355179672,BC17
FBXL5,0.11561384438697123,BC17
RTN2,0.2429481893143885,BC17
TSR3,-0.10383389064612866,BC17
GPATCH2,-0.057972611441707456,BC17
NKAP,0.05496596217786442,BC17
CYP51A1,0.047412930932700596,BC17
MRPL35,0.20249435571659613,BC17
ZNF32,-0.02378459461462571,BC17
TPGS1,-0.21402230577552686,BC17
BAIAP2,-0.07983658844656838,BC17
NIPSNAP1,-0.10183345707069925,BC17
AKT1S1,0.11608222622634634,BC17
HSBP1L1,-0.07347738385339342,BC17
HTATSF1,-0.13996614548009909,BC17
DCTN1,-0.011113691631359442,BC17
C15orf40,-0.06878250455888564,BC17
PIGF,0.26505765015126553,BC17
TP53I11,-0.10413700637409902,BC17
PTPN18,-0.0314456995436451,BC17
HOXB2,0.16028529936513555,BC17
OGFR,0.11438910503017202,BC17
XAB2,0.09077980483748682,BC17
TLE3,0.02453933449723876,BC17
APTR,0.08010707003518729,BC17
PTGER3,-0.2132759351140047,BC17
GNPAT,0.1699320903645461,BC17
FAM210B,0.014513777384138584,BC17
ABHD14B,0.13738789416233776,BC17
ACY1,0.0024980789138244423,BC17
HDDC3,0.08604954788107907,BC17
HOXB6,0.033732933159933975,BC17
GPS1,0.030951881319726662,BC17
NFKBIZ,-0.05767308854867903,BC17
TMEM223,-0.17917286080084033,BC17
FUNDC1,0.05429566372256266,BC17
RMND1,-0.06469977552454992,BC17
TM2D3,-0.07039209916139044,BC17
CDS1,0.040138598300335976,BC17
STC1,0.030144520577859654,BC17
FAM200B,-0.010190829455228001,BC17
MT-ND6,-0.18514887429637863,BC17
PSME3IP1,0.06974127122488247,BC17
KEAP1,-0.034360727298199174,BC17
SYNJ2BP,0.029968554227587568,BC17
ITPK1,0.25400486224392543,BC17
COPS7A,0.09734958663602117,BC17
RXYLT1,0.20154021456389348,BC17
ARSD,0.09734650122525948,BC17
SERPINA5,0.07118212909952121,BC17
IMMP1L,-0.06674003863746973,BC17
KIF21A,0.012065823115099376,BC17
ZFX,0.08406094955607146,BC17
HOXB5,0.17923981744176057,BC17
ZNF467,-0.01383088235467669,BC17
TSPAN1,-0.10968501714340098,BC17
LY6E,0.04897112536936784,BC17
FBXO21,-0.18896499390261098,BC17
HAGHL,-0.15112301759723798,BC17
ANXA9,0.15959048358415703,BC17
MALSU1,-0.08336800936282592,BC17
PIK3R1,-0.03484020994006655,BC17
NCBP2AS2,0.02519577767616723,BC17
BLCAP,-0.03575253023590265,BC17
TMX1,0.094635419315528,BC17
MRPL11,0.17502966599570152,BC17
GLCE,-0.1854397021181385,BC17
OARD1,-0.088159343856758,BC17
IGF1R,0.07501999860893369,BC17
H2BC15,0.001642873307694661,BC17
LINC00472,0.08700939685183613,BC17
LDOC1,-0.08429413646396242,BC17
HOXB-AS3,0.1941549277062038,BC17
RASD1,0.1909452334744848,BC17
TTC14,-0.059966090188735985,BC17
SEPTIN8,0.005928475899754674,BC17
CRELD1,-0.03231097394898631,BC17
WASHC3,0.058561480518440755,BC17
CEACAM5,0.06669128631587584,BC17
HDGFL3,0.10576819979150397,BC17
TAOK3,-0.1350277764366685,BC17
PDE4DIP,-0.1677370803340249,BC17
VPS51,-0.04156333700435418,BC17
HSPH1,-0.057169827596364756,BC17
DEGS2,-0.11817677409807276,BC17
CCDC151,0.24759251706752378,BC17
STAU2,-0.040725176512569294,BC17
MRFAP1L1,-0.06822784613859245,BC17
IER5,0.243158889996878,BC17
PSIP1,0.016957569264551307,BC17
TMEM98,0.07513227669681743,BC17
IFI27L1,0.1340998171094327,BC17
AUTS2,0.23527442655000458,BC17
SNX10,0.2980195593271087,BC17
ALDH3B2,0.1490718799969229,BC17
FGD5-AS1,-0.027694911478019564,BC17
PDRG1,-0.11514717647499405,BC17
MYL9,-0.02575551080555734,BC17
TCTN1,0.14467866586106184,BC17
AC068888.1,0.13909050294652886,BC17
C3orf14,-0.1328121169764077,BC17
DACH1,0.5575917782027225,BC17
SYT1,0.18119157445293682,BC17
HSPB8,0.31347723989341847,BC17
RAMP3,0.03409563843993481,BC17
CD81,0.187023155636985,BC17
GATAD1,0.10021465807645144,BC17
STMN3,0.09128751407262561,BC17
LAPTM4B,-0.10753505979132286,BC17
ZNF44,0.02083158860648711,BC17
TMX4,0.28516298505334947,BC17
CDKN1C,0.01929651638422996,BC17
CCDC115,-0.1195949787946912,BC17
C22orf39,-0.05271457488052393,BC17
SLC2A10,0.2681406896130492,BC17
PPP2R5A,0.06648476581680257,BC17
EXOSC3,-0.09897467040009761,BC17
GAS2L1,-0.09414317922123844,BC17
MT1F,0.20379931280932118,BC17
KAZALD1,-0.01354633222687339,BC17
SLC49A3,0.26489322048718433,BC17
DNAJC30,0.08372645966967236,BC17
IRX5,0.06723715793623983,BC17
CPD,0.006738316244530652,BC17
RNF14,0.006265154092413991,BC17
IFI6,-0.14196524370046773,BC17
E4F1,0.007662144378316029,BC17
NR4A1,0.027880462886346005,BC17
THBS1,0.000552676203837513,BC17
TACO1,0.03733459747846592,BC17
PFDN6,-0.04990136631655632,BC17
WNK1,-0.1683791297101472,BC17
DEDD2,0.2209938260024816,BC17
PREX1,0.23292436789191634,BC17
GOT2,-0.011873206945774227,BC17
DDX42,-0.022060418586007394,BC17
PIGS,-0.006283006615536284,BC17
MSMB,0.17769414256170268,BC17
ISOC1,-0.1364006602887739,BC17
RBL2,0.05986203787319084,BC17
NPEPL1,0.08346736560950196,BC17
TRPT1,-0.18399701031437535,BC17
HOXB7,0.27396780138954796,BC17
SCNN1A,0.05919203187430453,BC17
SLC35E3,0.04395132421334473,BC17
ZNF587,-0.06126367647973187,BC17
CTPS2,0.2578133544948033,BC17
MB,0.06885404401405068,BC17
FAM89B,0.13533190508163317,BC17
UBE2S,0.2710202648951266,BC17
FBLN1,0.1646572084513105,BC17
RAB1B,-0.12131723737277329,BC17
NUDT9,-0.1652359692646591,BC17
TXNDC15,0.12026763198778896,BC17
ZCCHC10,-0.13254401503022142,BC17
CRBN,-0.026211567420694384,BC17
RING1,-0.12516611899047494,BC17
SUMF1,-0.041351947641742964,BC17
MYLIP,0.3695226215803365,BC17
PCP2,-0.019829286411842645,BC17
MRPL45,0.32911009466532115,BC17
KLHDC3,0.02459139229376114,BC17
INO80C,0.1939983102607378,BC17
LY6K,0.5291858631514466,BC17
ADCY1,0.0855215294905646,BC17
JARID2,0.023307392094961348,BC17
TPP1,0.040802735261518605,BC17
HAUS1,0.0006288824159355532,BC17
TMEM54,-0.07407529640285573,BC17
ADIPOR2,0.18329409192869023,BC17
PTPRA,0.15753789611148444,BC17
ZNF444,0.08554043625046932,BC17
MAGED1,0.13322050046217068,BC17
OAZ3,0.145551705867866,BC17
AIP,0.06415842158535656,BC17
MRS2,0.12657319299845068,BC17
SMC4,-0.14162760246581868,BC17
SLC2A4RG,-0.1716304048900409,BC17
DCAF10,-0.09332070589402865,BC17
STX16,-0.0006115964272374935,BC17
ATPAF1,-0.02766861378459987,BC17
DYNC1LI2,-0.08295363851965244,BC17
NFATC4,0.0028948389961790146,BC17
DHRSX,-0.006838152181466648,BC17
GOLM2,-0.01018814665290305,BC17
HOXC10,0.2066171749867193,BC17
MDM2,0.06674262243602756,BC17
CMTM8,0.17294343457872324,BC17
MAGI1,0.004431697138382957,BC17
NCOA4,-0.05136659845672391,BC17
G6PC3,0.033795527879118395,BC17
ZFAND2A,0.054827749264197964,BC17
IDH3B,-0.17210907849609874,BC17
SERPINI1,-0.07419973992406348,BC17
NABP2,0.03858004649421228,BC17
SLC25A1,-0.006126915640778097,BC17
AC008268.1,-0.3064925300941602,BC17
ASXL1,-0.017191200907086653,BC17
GNS,0.13532349591613724,BC17
MBTPS1,-0.013213393978097936,BC17
NSL1,-0.002783679413875864,BC17
MAT2A,0.00248561754909561,BC17
STYXL1,-0.010534712307593515,BC17
NSD1,0.017993382486496047,BC17
SRARP,0.18006207778111716,BC17
TUG1,-0.02548476633143546,BC17
ELP5,0.2981992026344685,BC17
COG2,-0.06135443426307356,BC17
RGS16,0.010113038190573695,BC17
MINDY1,0.16016046117535668,BC17
USP9X,0.044064183170365756,BC17
BATF,-0.21544357738578165,BC17
ZNF75A,-0.24909686113929635,BC17
AFTPH,0.13393579953944562,BC17
MLST8,-0.12366227166495858,BC17
ACOT8,0.048668943425881385,BC17
MRPL2,0.15569083153590238,BC17
TRAK1,0.03503257217328714,BC17
CEACAM6,0.2918490093448921,BC17
NSMCE4A,-0.07701483255527283,BC17
CHMP1A,-0.0012147679217552137,BC17
NECAP1,0.006697430200356236,BC17
AC018521.5,-0.11871046110284214,BC17
SMARCD2,0.057793666040285144,BC17
GAA,-0.09260412529281155,BC17
NFYC,-0.007173370260635718,BC17
CZIB,0.15699747129576902,BC17
CFD,0.07019351780139702,BC17
IRS1,0.0034256549956684854,BC17
LMTK3,-0.22985548228905883,BC17
AMFR,0.19828487046375734,BC17
PPP1R37,0.18444204008082576,BC17
ANKRD11,0.0915720980885336,BC17
GPRC5C,0.20371484882233115,BC17
OLMALINC,0.04271867354678425,BC17
STK24,0.1450562585144945,BC17
TSPYL2,0.0022015823607259496,BC17
INSIG1,-0.07318858962753738,BC17
SIRT2,0.24191521132029342,BC17
EPM2AIP1,0.045109006323196955,BC17
NDRG3,-0.14140158414614135,BC17
MAVS,0.12783228472265132,BC17
ZMPSTE24,-0.13170568948247496,BC17
ROGDI,-0.04949188000654775,BC17
PDCD7,-0.0044282941918285,BC17
ENPP5,-0.21974172661278918,BC17
SYT13,0.24175469717920817,BC17
ELOVL2,0.30689728619506235,BC17
ATP6V1A,0.044721777534722326,BC17
ANKRD40,0.1385245116334136,BC17
SLC27A2,-0.14867577498848117,BC17
CMC4,-0.12848684918881062,BC17
GEMIN8,0.20010215330360742,BC17
ZNF688,0.028234853193883414,BC17
MRPS25,-0.10205177587495165,BC17
POLR1H,-0.06415428080280251,BC17
TBCC,0.17469914889353733,BC17
MTERF2,-0.09522742363848573,BC17
KCNK15,0.09616450078233973,BC17
ACP5,-0.00350066310486811,BC17
CDK12,0.1631210202047581,BC17
ATF7,0.00035186927895995614,BC17
KDM2A,-0.06554850670528717,BC17
NCOA3,0.2129181172887333,BC17
FGF2,0.46941849049568735,BC17
TIMM10B,-0.04771897918341644,BC17
GUCD1,-0.04503755906322183,BC17
PAK4,0.16235631994598687,BC17
MOAP1,0.0561669713491959,BC17
WWOX,0.34611028745773864,BC17
COQ9,-0.05887833801980463,BC17
PANK3,-0.1345686478879004,BC17
SLC35C2,0.2759276363696605,BC17
RITA1,0.1405408645790272,BC17
RELL1,-0.06090177085641845,BC17
RAMP2,-0.13236008514857,BC17
ALDH7A1,-0.012034645265247583,BC17
HIBADH,0.029169913701500582,BC17
SKA2,-0.006861382218748739,BC17
SLC9A3R2,0.06584132126659434,BC17
VPS26B,-0.11138561935314227,BC17
HID1,0.07782661065206885,BC17
SDSL,0.08860504886018869,BC17
GSE1,-0.04349415238543555,BC17
SAMM50,0.05429993870874632,BC17
POR,0.07062093777765163,BC17
DNAJA3,0.1861127393933589,BC17
MRPL15,0.028815722019182786,BC17
TAF10,0.07098683449945484,BC17
BRAF,0.038714155449868566,BC17
CXCL17,0.5336927037767338,BC17
LTBP4,-0.03738265237584006,BC17
CLEC3A,0.32755777214458726,BC17
PCYOX1,0.1612139315207572,BC17
CALCOCO2,0.1252809787687168,BC17
NSF,-0.18733992079315437,BC17
MDP1,-0.08797651273415363,BC17
SLC1A5,0.15317677662175802,BC17
PHYH,-0.003735838865454983,BC17
ZNF652,0.05569302060443567,BC17
TMEM25,-0.08138977893114933,BC17
NTN4,-0.17615623762502783,BC17
NUDT16,0.12891666740601848,BC17
UNC119,0.027182530520971148,BC17
SLC25A24,0.038943436055592466,BC17
PTPN1,-0.05828412073133052,BC17
ARMC1,0.2033583183985528,BC17
GREB1,-0.027185691239118383,BC17
RHPN1,0.03555910045930093,BC17
RPS6KB1,0.0030606403480623787,BC17
TMEM35B,0.23551701592192567,BC17
ECPAS,0.044106047230392256,BC17
GLT8D1,-0.00782772012623446,BC17
SLC38A10,-0.12751217149627786,BC17
PNPO,0.06357484732185208,BC17
AC091271.1,-0.03660066522394013,BC17
EPS15L1,-0.1471867577284097,BC17
SNRNP35,0.03804015169659123,BC17
CYP4B1,0.08295554334006287,BC17
TMEM192,-0.01739581521408337,BC17
EGFL7,-0.050608433937800255,BC17
PCMTD2,0.05933169799307037,BC17
POP4,0.0030558769526423018,BC17
MFSD1,-0.039580325653488804,BC17
EIF2AK2,0.03601554193436208,BC17
C5orf15,-0.082447119224337,BC17
YTHDF1,0.06250292254428587,BC17
TTC17,0.22695441709383607,BC17
VPS4A,0.043795264959476714,BC17
FUBP1,-0.02440058114293911,BC17
CFAP20,0.23710415699686802,BC17
RNF135,-0.10122667553514246,BC17
DNAJC10,-0.042230393555553095,BC17
PITX1,0.3029680294163863,BC17
KLHL5,-0.1860871284605472,BC17
ANKRD26,-0.2736760699484375,BC17
APOE,-0.22409130805623628,BC17
MT1G,-0.144074186708769,BC17
CGA,-0.10369879547625445,BC17
USP32,-0.007747222740048125,BC17
PCCA-DT,0.050213895629503576,BC17
DMAC2,0.006846122363364822,BC17
IDNK,-0.020233575852785922,BC17
TMEM64,0.20090349808423502,BC17
AGPAT1,0.09117927053472195,BC17
LENG1,0.0854333849137375,BC17
LINC02802,0.12701866604582515,BC17
PDK2,0.030457984989364903,BC17
FAM3B,0.07558057061000788,BC17
NDRG2,-0.1493170129652151,BC17
OSBPL8,-0.27357717303091245,BC17
RBP7,0.474053727434346,BC17
DHRS2,0.0803304180361091,BC17
SLC30A1,0.18832673509124034,BC17
RCC1L,-0.20481002102292425,BC17
VWA1,0.30005694903043906,BC17
HOPX,0.29435947518606853,BC17
FAM234A,0.05250598634333206,BC17
MTARC1,0.1367878935182345,BC17
PDZK1,-0.02271832381584784,BC17
RAD9A,0.10815072116462006,BC17
GOT1,-0.009467758138315597,BC17
FBXO9,-0.08067800441264,BC17
FDXR,0.05447873149340438,BC17
C20orf204,0.31879724841976204,BC17
RIDA,-0.02114853867846486,BC17
ZFHX3,0.04495151051184242,BC17
PXMP4,0.097199199737087,BC17
ARHGAP35,0.10058022103312204,BC17
VAMP5,-0.019369203040368595,BC17
LIG3,0.018455698450377665,BC17
ALG3,0.13849110099488365,BC17
AP1S2,0.12934410671026345,BC17
TMEM60,-0.08707290414735042,BC17
C6orf89,-0.12280337613178294,BC17
SYNGR1,0.24677124492150174,BC17
PVALB,0.1120011685548802,BC17
APPBP2,0.20740747936518228,BC17
GCDH,-0.00704746359277544,BC17
LENG8,-0.06737954477777959,BC17
MYB,0.009987074749037528,BC17
TTC36,0.07757112488963781,BC17
C6orf226,0.06424965968901522,BC17
RAD51C,0.13895347193602772,BC17
ARAF,-0.06255911857489077,BC17
PEPD,0.10388394504377427,BC17
CHCHD6,0.09246674906389026,BC17
SULT1A1,0.03791272606792056,BC17
KCNJ3,0.20673753799511257,BC17
KIF3B,0.06667834732751872,BC17
SLC35B2,0.08874569921868626,BC17
HSD17B8,0.15674467578249335,BC17
TXLNG,0.08789474517889623,BC17
ZNF749,0.05186265477624475,BC17
CHAD,0.43983918174041414,BC17
ALB,-0.07599374875724386,BC17
CST5,0.023737742251213514,BC17
AGTR1,-0.07026759701956099,BC17
NEFH,-0.0015474396749284643,BC17
