"p_val","avg_log2FC","pct.1","pct.2","p_val_adj","cluster","gene"
1.12019098551792e-223,1.54944937237483,0.401,0.195,4.10281150355794e-219,"0","RHOV"
0,1.53473132918832,0.91,0.46,0,"0","BTG2"
0,1.5196480429183,0.344,0.1,0,"0","IRX5"
0,1.5011123173533,0.327,0.087,0,"0","KCNJ3"
0,1.49027608491421,0.287,0.077,0,"0","TTC36"
0,1.48938325292785,0.297,0.081,0,"0","ALDH3B2"
0,1.45221627300709,0.32,0.082,0,"0","SLC2A10"
0,1.4506756570291,0.805,0.312,0,"0","EGR1"
0,1.43728371116372,0.307,0.088,0,"0","MSMB"
1.67456128103805e-291,1.38506937527589,0.478,0.235,6.13324814792996e-287,"0","CITED4"
4.84379475891712e-207,2.1122256433989,0.28,0.115,1.77408826840098e-202,"1","PVALB"
1.03819857871564e-98,1.78082187691847,0.253,0.14,3.80250611440391e-94,"1","RBP1"
2.06223641113477e-28,1.62247630430022,0.261,0.207,7.55314707942222e-24,"1","TPD52L1"
5.91451837679102e-249,1.6024587474378,0.741,0.615,2.16625150068348e-244,"1","MPC2"
1.22762160390718e-16,1.53221701969131,0.324,0.295,4.49628688647045e-12,"1","NQO1"
2.18993344632742e-46,1.51438270852828,0.279,0.205,8.02085024051882e-42,"1","CMBL"
4.40621788576661e-31,1.50251577404568,0.281,0.222,1.61382136284088e-26,"1","FBP1"
3.40053943692606e-67,1.45898194702386,0.27,0.177,1.24548157416854e-62,"1","KCNC2"
0,1.44803440590193,0.93,0.816,0,"1","COX6C"
7.5309011734822e-19,1.4415519391783,0.303,0.284,2.75826786379959e-14,"1","CKB"
0,4.01044975966538,0.36,0.016,0,"2","SPNS2"
0,3.74391313581771,0.274,0.014,0,"2","CA9"
0,3.59111339769236,0.35,0.026,0,"2","KRT80"
0,3.56676200164755,0.33,0.049,0,"2","EDN2"
0,3.50778140314473,0.554,0.064,0,"2","LAMB3"
0,3.39223966332612,0.517,0.096,0,"2","KCNMA1"
0,3.39193029578512,0.261,0.035,0,"2","ARHGAP29-AS1"
0,3.32697441985724,0.295,0.028,0,"2","S100A2"
0,3.31267193650365,0.49,0.063,0,"2","LAMC2"
0,3.28426201437394,0.386,0.05,0,"2","TNC"
8.93857282680439e-285,2.86660849558035,0.679,0.485,3.27384168354538e-280,"3","ANKRD30A"
1.05828586674066e-154,2.26081276930786,0.645,0.597,3.87607781552434e-150,"3","VMP1"
1.12158448850559e-26,2.23310509069746,0.353,0.339,4.10791534760058e-22,"3","CDK5RAP3"
0,2.16663444420947,1,0.996,0,"3","MALAT1"
3.12973403982331e-17,2.06902834623993,0.284,0.258,1.14629638942569e-12,"3","KCNQ1OT1"
1.7345374862261e-45,2.05103819306367,0.44,0.437,6.35291699705171e-41,"3","HOOK2"
1.79306672685146e-12,1.86879524018968,0.366,0.403,6.56728619376614e-08,"3","POLR2J3"
8.761564695255e-161,1.82896850961556,0.71,0.62,3.2090106852841e-156,"3","ELF3"
6.61512769413476e-06,1.81653384881663,0.295,0.324,0.24228566692538,"3","LDLR"
0.00159509229350686,1.74866670337741,0.256,0.283,1,"3","CSAD"
0,4.98414169459244,0.431,0.025,0,"4","LTB"
0,4.26349621278354,0.452,0.033,0,"4","IL7R"
0,4.03073527441534,0.343,0.024,0,"4","SPOCK2"
0,3.95556302321153,0.252,0.019,0,"4","CD6"
0,3.74188035885122,0.312,0.025,0,"4","KLRB1"
0,3.7176545511057,0.72,0.087,0,"4","TRAC"
0,3.60505348126237,0.355,0.038,0,"4","EVI2B"
0,3.60161979236135,0.301,0.035,0,"4","EVI2A"
0,3.59653365960215,0.508,0.072,0,"4","CLEC2D"
0,3.5498487728584,0.58,0.052,0,"4","CD2"
0,8.06409399160472,0.275,0.002,0,"5","GZMH"
0,7.52899791018482,0.309,0.005,0,"5","GZMB"
0,7.27321564702057,0.676,0.014,0,"5","NKG7"
0,6.38860555539322,0.388,0.015,0,"5","GNLY"
0,6.0567409691254,0.266,0.005,0,"5","XCL2"
0,5.86433189041127,0.415,0.011,0,"5","CD8A"
0,5.86113793500115,0.385,0.011,0,"5","GZMA"
0,5.7640268492452,0.318,0.007,0,"5","CD8B"
0,5.60875918965005,0.369,0.008,0,"5","KLRK1"
0,5.56649042508118,0.306,0.008,0,"5","TRGC2"
0,7.09756897469574,0.351,0.003,0,"6","PBK"
0,6.65007904805439,0.492,0.012,0,"6","UBE2C"
0,6.25241321138583,0.368,0.005,0,"6","MKI67"
0,6.23799437397583,0.476,0.01,0,"6","BIRC5"
0,6.09188649679483,0.38,0.007,0,"6","TOP2A"
0,6.00085510574753,0.32,0.005,0,"6","RRM2"
0,5.99232675427257,0.336,0.006,0,"6","PKMYT1"
0,5.88455875897197,0.292,0.005,0,"6","NEK2"
0,5.82002529802163,0.254,0.004,0,"6","FOXM1"
0,5.59584709527961,0.254,0.005,0,"6","CDCA5"
0,10.1419990777942,0.35,0.001,0,"7","COL14A1"
0,9.96555162679386,0.769,0.012,0,"7","COL3A1"
0,9.93583901368331,0.78,0.011,0,"7","COL1A2"
0,9.93160819045176,0.332,0.003,0,"7","SFRP4"
0,9.89619322637649,0.36,0.001,0,"7","MFAP4"
0,9.83562731892918,0.523,0.006,0,"7","SFRP2"
0,9.68305303997202,0.499,0.001,0,"7","THBS2"
0,9.60673144190915,0.644,0.004,0,"7","COL6A3"
0,9.58972521502516,0.536,0.003,0,"7","CCDC80"
0,9.51589343280761,0.261,0.001,0,"7","ECM2"
0,5.56573899473002,0.351,0.018,0,"8","LACRT"
0,4.52441702706396,0.806,0.1,0,"8","CXCL14"
0,4.22182410235104,0.84,0.095,0,"8","CXCL13"
0,3.92494751114411,0.312,0.022,0,"8","TCN1"
0,3.50194674673385,0.893,0.137,0,"8","CA2"
0,3.41969778437655,0.253,0.016,0,"8","MKX"
0,3.37621937978282,0.303,0.023,0,"8","DLX2"
0,3.36304096041342,0.336,0.033,0,"8","MUC5B"
0,3.33770118110913,0.577,0.05,0,"8","UGT2B11"
0,3.29314689244847,0.812,0.098,0,"8","AC100801.1"
0,10.9378123308615,0.254,0.001,0,"9","FOLR2"
0,10.7417743658996,0.502,0.001,0,"9","MS4A6A"
0,10.7086845944633,0.589,0.002,0,"9","C1QC"
0,10.5430318645091,0.404,0.001,0,"9","LILRB4"
0,10.4220398955572,0.367,0.001,0,"9","OLR1"
0,10.3027009849159,0.307,0.001,0,"9","MSR1"
0,10.2479710936795,0.404,0.001,0,"9","TREM2"
0,10.235388006796,0.628,0.007,0,"9","C1QA"
0,10.2318557927633,0.598,0.005,0,"9","C1QB"
0,10.0012171600752,0.353,0.001,0,"9","CSF1R"
0,11.7504820319219,0.462,0,0,"10","EMCN"
0,11.2681514144449,0.319,0.001,0,"10","CLEC14A"
0,11.0174052761227,0.269,0.001,0,"10","CCL14"
0,10.9376264689146,0.35,0.001,0,"10","CDH5"
0,10.8158568539769,0.496,0.001,0,"10","MYCT1"
0,10.7472387719473,0.562,0.002,0,"10","PLVAP"
0,10.6752094561682,0.404,0.001,0,"10","SOX17"
0,10.4655557206671,0.25,0.001,0,"10","ESM1"
0,10.3991025553356,0.365,0.001,0,"10","CLDN5"
0,10.146645247759,0.55,0.001,0,"10","ADGRL4"
7.53265827002235e-213,11.1674916033948,0.279,0.016,2.75891141797838e-208,"11","IGHA1"
0,10.7870929834535,0.251,0.001,0,"11","IGHM"
1.06265383451917e-182,10.1130754268194,0.377,0.035,3.8920759343099e-178,"11","IGKC"
0,9.17875890707555,0.348,0.001,0,"11","MS4A1"
0,8.98906589953076,0.538,0.009,0,"11","CD79A"
1.45796737673962e-191,4.5855838950352,0.466,0.051,5.33995131404654e-187,"11","CD83"
3.17873514887402e-198,3.9739226875437,0.583,0.077,1.1642435356266e-193,"11","CD37"
4.32232524732671e-123,3.9169082752023,0.534,0.103,1.58309484508588e-118,"11","HLA-DQB1"
6.06277054299506e-126,3.8654130191653,0.636,0.151,2.22055033907737e-121,"11","HLA-DRA"
1.06935550905921e-94,3.35071931113788,0.567,0.148,3.91662148748026e-90,"11","HLA-DRB1"
0,11.6393601600662,0.272,0,0,"12","KLK5"
0,10.3309706923713,0.56,0.004,0,"12","MMP7"
0,9.50186073288195,0.516,0.002,0,"12","KRT5"
0,9.3817593661597,0.734,0.017,0,"12","KRT14"
0,9.3646840922965,0.516,0.003,0,"12","GABRP"
0,9.14326249841647,0.554,0.004,0,"12","KRT6B"
0,9.13562626665213,0.386,0.001,0,"12","KLK8"
0,8.74595536667417,0.457,0.003,0,"12","MIA"
0,8.23740627025558,0.467,0.003,0,"12","SFRP1"
0,8.1438856168571,0.321,0.002,0,"12","PPP1R14C"
7.05118454063834e-111,5.52975334419479,0.579,0.099,2.5825668498542e-106,"13","APOD"
2.47015973595154e-188,5.39234731225763,0.315,0.017,9.04720704889609e-184,"13","CALML5"
5.3285622070341e-25,4.43749092497489,0.511,0.235,1.95163919394831e-20,"13","MUCL1"
5.35604966567601e-114,4.35650510299278,0.483,0.067,1.9617067505505e-109,"13","SPINK8"
1.08416205413456e-82,4.17512450306936,0.5,0.094,3.97085193947324e-78,"13","SERHL2"
1.27778087521568e-50,3.85918122372519,0.472,0.123,4.68000023356495e-46,"13","IGFBP5"
1.29621471814935e-55,3.71949022394503,0.32,0.055,4.74751602669379e-51,"13","DRAIC"
4.27296915514886e-82,3.6716241273589,0.916,0.371,1.56501768276482e-77,"13","PIP"
2.93956552718387e-25,3.45518604612532,0.32,0.099,1.07664526998636e-20,"13","NUDT8"
2.13384666974612e-29,3.33463657006948,0.404,0.143,7.81542681261215e-25,"13","AC093001.1"
